Drug_Name,CID,SMILES
OMEPRAZOLE,4594,CC1=CN=C(C(=C1OC)C)CS(=O)C2=NC3=C(N2)C=C(C=C3)OC
METAMFETAMINE,10836,C[C@@H](CC1=CC=CC=C1)NC
SIROLIMUS,5284616,C[C@@H]1CC[C@H]2C[C@@H](/C(=C/C=C/C=C/[C@H](C[C@H](C(=O)[C@@H]([C@@H](/C(=C/[C@H](C(=O)C[C@H](OC(=O)[C@@H]3CCCCN3C(=O)C(=O)[C@@]1(O2)O)[C@H](C)C[C@@H]4CC[C@H]([C@@H](C4)OC)O)C)/C)O)OC)C)C)/C)OC
DIAMORPHINE,5462328,CC(=O)O[C@H]1C=C[C@H]2[C@H]3CC4=C5[C@]2([C@H]1OC5=C(C=C4)OC(=O)C)CCN3C
LUTEOLIN,5280445,C1=CC(=C(C=C1C2=CC(=O)C3=C(C=C(C=C3O2)O)O)O)O
PANOBINOSTAT,6918837,CC1=C(C2=CC=CC=C2N1)CCNCC3=CC=C(C=C3)/C=C/C(=O)NO
COLFORSIN,47936,CC(=O)O[C@H]1[C@H]([C@@H]2[C@]([C@H](CCC2(C)C)O)([C@@]3([C@@]1(O[C@@](CC3=O)(C)C=C)C)O)C)O
BISINDOLYLMALEIMIDE I,2396,CN(C)CCCN1C=C(C2=CC=CC=C21)C3=C(C(=O)NC3=O)C4=CNC5=CC=CC=C54
SIMVASTATIN,54454,CCC(C)(C)C(=O)O[C@H]1C[C@H](C=C2[C@H]1[C@H]([C@H](C=C2)C)CC[C@@H]3C[C@H](CC(=O)O3)O)C
BAICALIN,64982,C1=CC=C(C=C1)C2=CC(=O)C3=C(C(=C(C=C3O2)O[C@H]4[C@@H]([C@H]([C@@H]([C@H](O4)C(=O)O)O)O)O)O)O
PHENFORMIN,8249,C1=CC=C(C=C1)CCN=C(N)N=C(N)N
METFORMIN,4091,CN(C)C(=N)N=C(N)N
SYNTHETIC PREIMPLANTATION FACTOR,134687212,CC[C@H](C)[C@@H](C(=O)N[C@@H](CCCCN)C(=O)N1CCC[C@H]1C(=O)NCC(=O)N[C@@H](CO)C(=O)N[C@@H](C)C(=O)N[C@@H](CC(=O)N)C(=O)N[C@@H](CCCCN)C(=O)N2CCC[C@H]2C(=O)N[C@@H](CO)C(=O)N[C@@H](CC(=O)O)C(=O)N[C@@H](CC(=O)O)C(=O)O)NC(=O)[C@H](CCCN=C(N)N)NC(=O)[C@H](C(C)C)NC(=O)[C@H](CCSC)N
LENALIDOMIDE,216326,C1CC(=O)NC(=O)C1N2CC3=C(C2=O)C=CC=C3N
GEMCITABINE,60750,C1=CN(C(=O)N=C1N)[C@H]2C([C@@H]([C@H](O2)CO)O)(F)F
GLUCOSE,5793,C([C@@H]1[C@H]([C@@H]([C@H](C(O1)O)O)O)O)O
BISPHENOL A,6623,CC(C)(C1=CC=C(C=C1)O)C2=CC=C(C=C2)O
VEMURAFENIB,42611257,CCCS(=O)(=O)NC1=C(C(=C(C=C1)F)C(=O)C2=CNC3=C2C=C(C=N3)C4=CC=C(C=C4)Cl)F
ANACARDIC ACID,167551,CCCCCCCCCCCCCCCC1=C(C(=CC=C1)O)C(=O)O
DEXAMETHASONE,5743,C[C@@H]1C[C@H]2[C@@H]3CCC4=CC(=O)C=C[C@@]4([C@]3([C@H](C[C@@]2([C@]1(C(=O)CO)O)C)O)F)C
BENZO[A]PYRENE,2336,C1=CC=C2C3=C4C(=CC2=C1)C=CC5=C4C(=CC=C5)C=C3
TRETINOIN,5538,CC1=C(C(CCC1)(C)C)C=CC(=CC=CC(=CC(=O)O)C)C
EMODIN,3220,CC1=CC2=C(C(=C1)O)C(=O)C3=C(C2=O)C=C(C=C3O)O
CURCUMIN,969516,COC1=C(C=CC(=C1)/C=C/C(=O)CC(=O)/C=C/C2=CC(=C(C=C2)O)OC)O
HYDROGEN PEROXIDE,784,OO
PEVONEDISTAT,16720766,C1CC2=CC=CC=C2[C@H]1NC3=C4C=CN(C4=NC=N3)[C@@H]5C[C@H]([C@H](C5)O)COS(=O)(=O)N
HOMOHARRINGTONINE,285033,CC(C)(CCC[C@@](CC(=O)OC)(C(=O)O[C@H]1[C@H]2C3=CC4=C(C=C3CCN5[C@@]2(CCC5)C=C1OC)OCO4)O)O
CHIDAMIDE,9800555,C1=CC(=CN=C1)/C=C/C(=O)NCC2=CC=C(C=C2)C(=O)NC3=C(C=CC(=C3)F)N
CHRYSIN,5281607,C1=CC=C(C=C1)C2=CC(=O)C3=C(C=C(C=C3O2)O)O
DACINOSTAT,6445533,C1=CC=C2C(=C1)C(=CN2)CCN(CCO)CC3=CC=C(C=C3)/C=C/C(=O)NO
TRICHOSTATIN A,444732,C[C@H](/C=C(\C)/C=C/C(=O)NO)C(=O)C1=CC=C(C=C1)N(C)C
ESTRADIOL,5757,C[C@]12CC[C@H]3[C@H]([C@@H]1CC[C@@H]2O)CCC4=C3C=CC(=C4)O
ETOPOSIDE,36462,C[C@@H]1OC[C@@H]2[C@@H](O1)[C@@H]([C@H]([C@@H](O2)O[C@H]3[C@H]4COC(=O)[C@@H]4[C@@H](C5=CC6=C(C=C35)OCO6)C7=CC(=C(C(=C7)OC)O)OC)O)O
POLYLYSINE,162282,C(CCN)C[CH+]C(=O)[NH-]
FORMALDEHYDE,712,C=O
ENOXACIN,3229,CCN1C=C(C(=O)C2=CC(=C(N=C21)N3CCNCC3)F)C(=O)O
FLUOROURACIL,3385,C1=C(C(=O)NC(=O)N1)F
ARSENIC TRIOXIDE,261004,O=[As]O[As]=O
CURCUMIN-DIFLUORINATED (CDF),54597187,COC1=C(C=CC(=C1)/C=C/C(=O)C(=CC2=CC(=C(C=C2)F)F)C(=O)/C=C/C3=CC(=C(C=C3)O)OC)O
"1,2,6-TRI-O-GALLOYL-BETA-D-GLUCOPYRANOSE",440308,C1=C(C=C(C(=C1O)O)O)C(=O)OC[C@@H]2[C@H]([C@@H]([C@H]([C@@H](O2)OC(=O)C3=CC(=C(C(=C3)O)O)O)OC(=O)C4=CC(=C(C(=C4)O)O)O)O)O
VITAMIN D3,5280795,C[C@H](CCCC(C)C)[C@H]1CC[C@@H]\2[C@@]1(CCC/C2=C\C=C/3\C[C@H](CCC3=C)O)C
CAUDATIN,72948694,CC(C)/C(=C/C(=O)O[C@@H]1C[C@@H]2[C@]3(CC[C@@H](CC3=CC[C@]2([C@@]4([C@]1([C@](CC4)(C(=O)C)O)C)O)O)O)C)/C
HYDROXYCHLOROQUINE,3652,CCN(CCCC(C)NC1=C2C=CC(=CC2=NC=C1)Cl)CCO
PREDNISONE,5865,C[C@]12CC(=O)[C@H]3[C@H]([C@@H]1CC[C@@]2(C(=O)CO)O)CCC4=CC(=O)C=C[C@]34C
XMD8-92,46843772,CCOC1=C(C=CC(=C1)N2CCC(CC2)O)NC3=NC=C4C(=N3)N(C5=CC=CC=C5C(=O)N4C)C
DOXORUBICIN,31703,C[C@H]1[C@H]([C@H](C[C@@H](O1)O[C@H]2C[C@@](CC3=C2C(=C4C(=C3O)C(=O)C5=C(C4=O)C(=CC=C5)OC)O)(C(=O)CO)O)N)O
STANOLONE,10635,C[C@]12CCC(=O)C[C@@H]1CC[C@@H]3[C@@H]2CC[C@]4([C@H]3CC[C@@H]4O)C
DOCOSAHEXAENOIC ACID,445580,CC/C=C\C/C=C\C/C=C\C/C=C\C/C=C\C/C=C\CCC(=O)O
LANTHANUM CHLORIDE,186025,O.O.O.O.O.O.[Cl-].[Cl-].[Cl-].[La+3]
HYALURONIC ACID,24759,CC(=O)N[C@H]1[C@@H](O[C@@H]([C@H](C1O[C@H]2[C@@H]([C@H]([C@@H]([C@H](O2)C(=O)O)O[C@H]3[C@@H](C([C@@H]([C@H](O3)CO)O)O[C@H]4[C@@H]([C@H]([C@@H]([C@H](O4)C(=O)O)O)O)O)NC(=O)C)O)O)O)CO)O
PROANTHOCYANIDINS,107876,C1C(C(OC2=CC(=CC(=C21)O)O)C3=CC(=C(C=C3)O)O)OC4(C(C(C5=C(C=C(C=C5O4)O)O)O)O)C6=CC(=C(C=C6)O)O
BUTYRATE,264,CCCC(=O)O
EPIGALLOCATECHIN GALLATE,65064,C1[C@H]([C@H](OC2=CC(=CC(=C21)O)O)C3=CC(=C(C(=C3)O)O)O)OC(=O)C4=CC(=C(C(=C4)O)O)O
RESVERATROL,445154,C1=CC(=CC=C1/C=C/C2=CC(=CC(=C2)O)O)O
NVP-AUY922,135539077,CCNC(=O)C1=NOC(=C1C2=CC=C(C=C2)CN3CCOCC3)C4=CC(=C(C=C4O)O)C(C)C
TAMOXIFEN,2733525,CC/C(=C(\C1=CC=CC=C1)/C2=CC=C(C=C2)OCCN(C)C)/C3=CC=CC=C3.C(C(=O)O)C(CC(=O)O)(C(=O)O)O
SUNITINIB,5329102,CCN(CC)CCNC(=O)C1=C(NC(=C1C)/C=C\2/C3=C(C=CC(=C3)F)NC2=O)C
CEDIRANIB,9933475,CC1=CC2=C(N1)C=CC(=C2F)OC3=NC=NC4=CC(=C(C=C43)OC)OCCCN5CCCC5
CISPLATIN,5460033,N.N.Cl[Pt]Cl
CERIVASTATIN,446156,CC(C)C1=C(C(=C(C(=N1)C(C)C)COC)C2=CC=C(C=C2)F)/C=C/[C@H](C[C@H](CC(=O)O)O)O
NICLOSAMIDE,4477,C1=CC(=C(C=C1[N+](=O)[O-])Cl)NC(=O)C2=C(C=CC(=C2)Cl)O
PICEATANNOL,667639,C1=CC(=C(C=C1/C=C/C2=CC(=CC(=C2)O)O)O)O
SORAFENIB,216239,CNC(=O)C1=NC=CC(=C1)OC2=CC=C(C=C2)NC(=O)NC3=CC(=C(C=C3)Cl)C(F)(F)F
4-AMINOPYRIDINE,1727,C1=CN=CC=C1N
PROPRANOLOL,4946,CC(C)NCC(COC1=CC=CC2=CC=CC=C21)O
UROLITHIN A,5488186,C1=CC2=C(C=C1O)C(=O)OC3=C2C=CC(=C3)O
PROSTAGLANDIN E2,5280360,CCCCC[C@@H](/C=C/[C@H]1[C@@H](CC(=O)[C@@H]1C/C=C\CCCC(=O)O)O)O
CANNABIDIOL,644019,CCCCCC1=CC(=C(C(=C1)O)[C@@H]2C=C(CC[C@H]2C(=C)C)C)O
HYDROMORPHONE,5284570,CN1CC[C@]23[C@@H]4[C@H]1CC5=C2C(=C(C=C5)O)O[C@H]3C(=O)CC4
OXYCODONE,5284603,CN1CC[C@]23[C@@H]4C(=O)CC[C@]2([C@H]1CC5=C3C(=C(C=C5)OC)O4)O
OXYMATRINE,114850,C1C[C@@H]2[C@H]3CCC[N+]4([C@H]3[C@@H](CCC4)CN2C(=O)C1)[O-]
MELATONIN,896,CC(=O)NCCC1=CNC2=C1C=C(C=C2)OC
DICHLOROACETATE,25975,C(C(=O)[O-])(Cl)Cl
RHEIN-8-O-Β-D-GLUCOPYRANOSIDE,146156489,C1=CC2=C(C(=C1)OC3C(C(C(C(O3)CO)O)O)O)C(=O)C4=C(C2=O)C=C(C=C4O)C(=O)[O-].C1=CC2=C(C(=C1)OC3C(C(C(C(O3)CO)O)O)O)C(=O)C4=C(C2=O)C=C(C=C4O)C(=O)[O-].[Ca+2]
TANSHINONE IIA,164676,CC1=COC2=C1C(=O)C(=O)C3=C2C=CC4=C3CCCC4(C)C
TANSHINONE I,114917,CC1=C2C=CC3=C(C2=CC=C1)C(=O)C(=O)C4=C3OC=C4C
MATRINE,91466,C1C[C@@H]2[C@H]3CCCN4[C@H]3[C@@H](CCC4)CN2C(=O)C1
CISATRACURIUM,62886,C[N@@+]1(CCC2=CC(=C(C=C2[C@H]1CC3=CC(=C(C=C3)OC)OC)OC)OC)CCC(=O)OCCCCCOC(=O)CC[N@+]4(CCC5=CC(=C(C=C5[C@H]4CC6=CC(=C(C=C6)OC)OC)OC)OC)C.C1=CC=C(C=C1)S(=O)(=O)[O-].C1=CC=C(C=C1)S(=O)(=O)[O-]
WITHAFERIN A,265237,CC1=C(C(=O)O[C@H](C1)[C@@H](C)[C@H]2CC[C@@H]3[C@@]2(CC[C@H]4[C@H]3C[C@@H]5[C@]6([C@@]4(C(=O)C=C[C@@H]6O)C)O5)C)CO
DURABOLIN,4435,CC12CCC3C(C1CCC2OC(=O)CCC4=CC=CC=C4)CCC5=CC(=O)CCC35
OXALIPLATIN,6857599,C1CC[C@H]([C@@H](C1)N)N.C(=O)(C(=O)O)O.[Pt+2]
AZACITIDINE,9444,C1=NC(=NC(=O)N1[C@H]2[C@@H]([C@@H]([C@H](O2)CO)O)O)N
LETROZOLE,3902,C1=CC(=CC=C1C#N)C(C2=CC=C(C=C2)C#N)N3C=NC=N3
MANGANESE,27854,[Mn+2]
PALMITIC ACID,985,CCCCCCCCCCCCCCCC(=O)O
OLEIC ACID,637517,CCCCCCCC/C=C/CCCCCCCC(=O)O
PINOMETOSTAT,57345410,CC(C)N(C[C@@H]1[C@H]([C@H]([C@@H](O1)N2C=NC3=C(N=CN=C32)N)O)O)C4CC(C4)CCC5=NC6=C(N5)C=C(C=C6)C(C)(C)C
SILIBININ,31553,COC1=C(C=CC(=C1)[C@@H]2[C@H](OC3=C(O2)C=C(C=C3)[C@@H]4[C@H](C(=O)C5=C(C=C(C=C5O4)O)O)O)CO)O
CORTISOL,5754,C[C@]12CCC(=O)C=C1CC[C@@H]3[C@@H]2[C@H](C[C@]4([C@H]3CC[C@@]4(C(=O)CO)O)C)O
VORINOSTAT,5311,C1=CC=C(C=C1)NC(=O)CCCCCCC(=O)NO
MICROCYSTIN-LR,445434,C[C@H]1[C@@H](NC(=O)[C@@H](NC(=O)[C@H]([C@@H](NC(=O)[C@@H](NC(=O)[C@H](NC(=O)C(=C)N(C(=O)CC[C@@H](NC1=O)C(=O)O)C)C)CC(C)C)C(=O)O)C)CCCN=C(N)N)/C=C/C(=C/[C@H](C)[C@H](CC2=CC=CC=C2)OC)/C
SERTRALINE,68617,CN[C@H]1CC[C@H](C2=CC=CC=C12)C3=CC(=C(C=C3)Cl)Cl
SODIUM BUTYRATE,5222465,CCCC(=O)[O-].[Na+]
"2,3,7,8-TETRACHLORODIBENZO-P-DIOXIN",15625,C1=C2C(=CC(=C1Cl)Cl)OC3=CC(=C(C=C3O2)Cl)Cl
GINSENOSIDE RH2,119307,CC(=CCC[C@@](C)([C@H]1CC[C@@]2([C@@H]1[C@@H](C[C@H]3[C@]2(CC[C@@H]4[C@@]3(CC[C@@H](C4(C)C)O[C@H]5[C@@H]([C@H]([C@@H]([C@H](O5)CO)O)O)O)C)C)O)C)O)C
QUERCETIN,5280343,C1=CC(=C(C=C1C2=C(C(=O)C3=C(C=C(C=C3O2)O)O)O)O)O
BERBERINE,2353,COC1=C(C2=C[N+]3=C(C=C2C=C1)C4=CC5=C(C=C4CC3)OCO5)OC
GARCINOL,5281560,CC(=CC[C@@H]1C[C@@]2(C(=O)/C(=C(\C3=CC(=C(C=C3)O)O)/O)/C(=O)[C@@](C2=O)(C1(C)C)CC=C(C)C)C[C@H](CC=C(C)C)C(=C)C)C
OLEACEIN,15553186,C/C=C(\C=O)/[C@@H](CC=O)CC(=O)OCCC1=CC(=C(C=C1)O)O
OLEOCANTHAL,11652416,C/C=C(/C=O)\[C@@H](CC=O)CC(=O)OCCC1=CC=C(C=C1)O
Z-LEU-LEU-LEU-AL,462382,CC(C)C[C@@H](C=O)NC(=O)[C@H](CC(C)C)NC(=O)[C@H](CC(C)C)NC(=O)OCC1=CC=CC=C1
IMATINIB MESYLATE,123596,CC1=C(C=C(C=C1)NC(=O)C2=CC=C(C=C2)CN3CCN(CC3)C)NC4=NC=CC(=N4)C5=CN=CC=C5.CS(=O)(=O)O
DADLE,6917707,C[C@H](C(=O)NCC(=O)N[C@@H](CC1=CC=CC=C1)C(=O)N[C@H](CC(C)C)C(=O)O)NC(=O)[C@H](CC2=CC=C(C=C2)O)N
ASPARANIN A,21575007,C[C@H]1CC[C@@]2([C@H]([C@H]3[C@@H](O2)C[C@@H]4[C@@]3(CC[C@H]5[C@H]4CC[C@H]6[C@@]5(CC[C@@H](C6)O[C@H]7[C@@H]([C@H]([C@@H]([C@H](O7)CO)O)O)O[C@H]8[C@@H]([C@H]([C@@H]([C@H](O8)CO)O)O)O)C)C)C)OC1
HONOKIOL,72303,C=CCC1=CC(=C(C=C1)O)C2=CC(=C(C=C2)O)CC=C
HYDROXYTYROSOL,82755,C1=CC(=C(C=C1CCO)O)O
NICOTINE,89594,CN1CCC[C@H]1C2=CN=CC=C2
COCAINE,446220,CN1[C@H]2CC[C@@H]1[C@H]([C@H](C2)OC(=O)C3=CC=CC=C3)C(=O)OC
TEMOZOLOMIDE,5394,CN1C(=O)N2C=NC(=C2N=N1)C(=O)N
BENZENE,241,C1=CC=CC=C1
OLEUROPEIN,5281544,C/C=C/1\[C@@H](C(=CO[C@H]1O[C@H]2[C@@H]([C@H]([C@@H]([C@H](O2)CO)O)O)O)C(=O)OC)CC(=O)OCCC3=CC(=C(C=C3)O)O
OXIDOPAMINE,4624,C1=C(C(=CC(=C1O)O)O)CCN
BAICALEIN,5281605,C1=CC=C(C=C1)C2=CC(=O)C3=C(O2)C=C(C(=C3O)O)O
BICALUTAMIDE,2375,CC(CS(=O)(=O)C1=CC=C(C=C1)F)(C(=O)NC2=CC(=C(C=C2)C#N)C(F)(F)F)O
ANDROGEN,5995,CCC(=O)O[C@H]1CC[C@@H]2[C@@]1(CC[C@H]3[C@H]2CCC4=CC(=O)CC[C@]34C)C
TETRANDRINE,73078,CN1CCC2=CC(=C3C=C2[C@@H]1CC4=CC=C(C=C4)OC5=C(C=CC(=C5)C[C@H]6C7=C(O3)C(=C(C=C7CCN6C)OC)OC)OC)OC
AGOMELATINE,82148,CC(=O)NCCC1=CC=CC2=C1C=C(C=C2)OC
BUPROPION,444,CC(C(=O)C1=CC(=CC=C1)Cl)NC(C)(C)C
MIRTAZAPINE,4205,CN1CCN2C(C1)C3=CC=CC=C3CC4=C2N=CC=C4
DULOXETINE,60835,CNCC[C@@H](C1=CC=CS1)OC2=CC=CC3=CC=CC=C32
ESCITALOPRAM,146570,CN(C)CCC[C@@]1(C2=C(CO1)C=C(C=C2)C#N)C3=CC=C(C=C3)F
FLUOXETINE,3386,CNCCC(C1=CC=CC=C1)OC2=CC=C(C=C2)C(F)(F)F
PAROXETINE,43815,C1CNC[C@H]([C@@H]1C2=CC=C(C=C2)F)COC3=CC4=C(C=C3)OCO4
VENLAFAXINE,5656,CN(C)CC(C1=CC=C(C=C1)OC)C2(CCCCC2)O
ATORVASTATIN,60823,CC(C)C1=C(C(=C(N1CC[C@H](C[C@H](CC(=O)O)O)O)C2=CC=C(C=C2)F)C3=CC=CC=C3)C(=O)NC4=CC=CC=C4
LYCOPENE,446925,CC(=CCC/C(=C/C=C/C(=C/C=C/C(=C/C=C/C=C(/C=C/C=C(/C=C/C=C(/CCC=C(C)C)\C)\C)\C)/C)/C)/C)C
LAPATINIB,208908,CS(=O)(=O)CCNCC1=CC=C(O1)C2=CC3=C(C=C2)N=CN=C3NC4=CC(=C(C=C4)OCC5=CC(=CC=C5)F)Cl
DECITABINE,451668,C1[C@@H]([C@H](O[C@H]1N2C=NC(=NC2=O)N)CO)O
CALCITRIOL,5280453,C[C@H](CCCC(C)(C)O)[C@H]1CC[C@@H]\2[C@@]1(CCC/C2=C\C=C/3\C[C@H](C[C@@H](C3=C)O)O)C
2-IODOHEXADECANAL,3035587,CCCCCCCCCCCCCCC(C=O)I
SN-38,104842,CCC1=C2CN3C(=CC4=C(C3=O)COC(=O)[C@@]4(CC)O)C2=NC5=C1C=C(C=C5)O
SHIKONIN,5208,CC(=CCC(C1=CC(=O)C2=C(C=CC(=C2C1=O)O)O)O)C
ROTUNDIC ACID,12315075,C[C@@H]1CC[C@@]2(CC[C@@]3(C(=CC[C@H]4[C@]3(CC[C@@H]5[C@@]4(CC[C@@H]([C@@]5(C)CO)O)C)C)[C@@H]2[C@]1(C)O)C)C(=O)O
DISULFIRAM,3117,CCN(CC)C(=S)SSC(=S)N(CC)CC
ASPIRIN,2244,CC(=O)OC1=CC=CC=C1C(=O)O
ILOPROST,5311181,CC#CCC(C)[C@@H](/C=C/[C@H]1[C@@H](C[C@H]2[C@@H]1C/C(=C/CCCC(=O)O)/C2)O)O
DIOSCIN,119245,C[C@@H]1CC[C@@]2([C@H]([C@H]3[C@@H](O2)C[C@@H]4[C@@]3(CC[C@H]5[C@H]4CC=C6[C@@]5(CC[C@@H](C6)O[C@H]7[C@@H]([C@H]([C@@H]([C@H](O7)CO)O[C@H]8[C@@H]([C@@H]([C@H]([C@@H](O8)C)O)O)O)O)O[C@H]9[C@@H]([C@@H]([C@H]([C@@H](O9)C)O)O)O)C)C)C)OC1
PROPOFOL,4943,CC(C)C1=C(C(=CC=C1)C(C)C)O
VERBASCOSIDE,5459010,CC1C(C(C(C(O1)OC2C(C(OC(C2OC(=O)/C=C/C3=CC(=C(C=C3)O)O)CO)OCCC4=CC(=C(C=C4)O)O)O)O)O)O
ESSENTIAL AMINO ACIDS,56842238,CC[C@H](C)[C@@H](C(=O)O)N.C[C@H]([C@@H](C(=O)O)N)O.CC(C)C[C@@H](C(=O)O)N.CC(C)[C@@H](C(=O)O)N.CSCC[C@@H](C(=O)O)N.C1=CC=C(C=C1)C[C@@H](C(=O)O)N.C1=CC=C2C(=C1)C(=CN2)C[C@@H](C(=O)O)N.C(CCN)C[C@@H](C(=O)O)N
ISOPRENALINE,3779,CC(C)NCC(C1=CC(=C(C=C1)O)O)O
HYDROGEN SULFIDE,402,S
CARVEDILOL,2585,COC1=CC=CC=C1OCCNCC(COC2=CC=CC3=C2C4=CC=CC=C4N3)O
BILE ACID,303,CC(CCC(=O)O)C1CCC2C1(C(CC3C2C(CC4C3(CCC(C4)O)C)O)O)C
CORILAGIN,73568,C1[C@@H]2[C@H]([C@@H]([C@H]([C@@H](O2)OC(=O)C3=CC(=C(C(=C3)O)O)O)O)OC(=O)C4=CC(=C(C(=C4C5=C(C(=C(C=C5C(=O)O1)O)O)O)O)O)O)O
SAQUINAVIR,441243,CC(C)(C)NC(=O)[C@@H]1C[C@@H]2CCCC[C@@H]2CN1C[C@H]([C@H](CC3=CC=CC=C3)NC(=O)[C@H](CC(=O)N)NC(=O)C4=NC5=CC=CC=C5C=C4)O
SULFUR MUSTARD,10461,C(CCl)SCCCl
DOCETAXEL,148124,CC1=C2[C@H](C(=O)[C@@]3([C@H](C[C@@H]4[C@]([C@H]3[C@@H]([C@@](C2(C)C)(C[C@@H]1OC(=O)[C@@H]([C@H](C5=CC=CC=C5)NC(=O)OC(C)(C)C)O)O)OC(=O)C6=CC=CC=C6)(CO4)OC(=O)C)O)C)O
GOSERELIN,5311128,CC(C)C[C@@H](C(=O)N[C@@H](CCCN=C(N)N)C(=O)N1CCC[C@H]1C(=O)NNC(=O)N)NC(=O)[C@@H](COC(C)(C)C)NC(=O)[C@H](CC2=CC=C(C=C2)O)NC(=O)[C@H](CO)NC(=O)[C@H](CC3=CNC4=CC=CC=C43)NC(=O)[C@H](CC5=CN=CN5)NC(=O)[C@@H]6CCC(=O)N6
CORTISONE,222786,C[C@]12CCC(=O)C=C1CC[C@@H]3[C@@H]2C(=O)C[C@]4([C@H]3CC[C@@]4(C(=O)CO)O)C
STEVIOL,452967,C[C@@]12CCC[C@@]([C@H]1CC[C@]34[C@H]2CC[C@](C3)(C(=C)C4)O)(C)C(=O)O
DIHYDROTANSHINONE,5316743,CC1COC2=C1C(=O)C(=O)C3=C2C=CC4=C(C=CC=C43)C
BENZOTHIAZOLE,7222,C1=CC=C2C(=C1)N=CS2
PROGESTERONE,5994,CC(=O)[C@H]1CC[C@@H]2[C@@]1(CC[C@H]3[C@H]2CCC4=CC(=O)CC[C@]34C)C
CYCLOSPORINE,5284373,CC[C@H]1C(=O)N(CC(=O)N([C@H](C(=O)N[C@H](C(=O)N([C@H](C(=O)N[C@H](C(=O)N[C@@H](C(=O)N([C@H](C(=O)N([C@H](C(=O)N([C@H](C(=O)N([C@H](C(=O)N1)[C@@H]([C@H](C)C/C=C/C)O)C)C(C)C)C)CC(C)C)C)CC(C)C)C)C)C)CC(C)C)C)C(C)C)CC(C)C)C)C
CELASTROL,12302620,CC1=C(C(=O)C=C2C1=CC=C3[C@]2(CC[C@@]4([C@@]3(CC[C@@]5(C4C[C@](CC5)(C)C(=O)O)C)C)C)C)O
TRANS-NONACHLOR,12313421,[C@@H]12[C@@H]([C@H](C([C@H]1Cl)Cl)Cl)[C@]3(C(=C([C@@]2(C3(Cl)Cl)Cl)Cl)Cl)Cl
"CYCLOPENTANEACETIC ACID, 3-OXO-2-(2-PENTENYL)-, METHYL ESTER",62388,CCC=CCC1C(CCC1=O)CC(=O)OC
SULFORAPHANE,9577379,C[S@@](=O)CCCCN=C=S
ALPHA-1 ANTITRYPSIN,16729381,CC[C@H](C)[C@@H](C(=O)N[C@@H](CCC(=O)O)C(=O)N[C@@H](CCC(=O)N)C(=O)N[C@@H](CC(=O)N)C(=O)N[C@@H]([C@@H](C)O)C(=O)N[C@@H](CCCCN)C(=O)N[C@@H](CO)C(=O)N1CCC[C@H]1C(=O)N[C@@H](CC(C)C)C(=O)N[C@@H](CC2=CC=CC=C2)C(=O)N[C@@H](CCSC)C(=O)NCC(=O)N[C@@H](CCCCN)C(=O)N[C@@H](C(C)C)C(=O)N[C@@H](C(C)C)C(=O)N[C@@H](CC(=O)N)C(=O)N3CCC[C@H]3C(=O)N[C@@H]([C@@H](C)O)C(=O)N[C@@H](CCC(=O)N)C(=O)N[C@@H](CCCCN)C(=O)O)NC(=O)[C@H](CCSC)NC(=O)[C@H](CC(C)C)NC(=O)[C@H](CC4=CC=CC=C4)NC(=O)[C@H](C(C)C)NC(=O)[C@H](CC5=CC=CC=C5)NC(=O)[C@@H]6CCCN6C(=O)[C@H](CCCCN)NC(=O)[C@H](CC(=O)N)NC(=O)[C@H](CC7=CC=CC=C7)NC(=O)[C@H](CCCCN)NC(=O)[C@H](C(C)C)NC(=O)[C@H](CCC(=O)O)NC(=O)[C@@H]8CCCN8C(=O)[C@@H]9CCCN9C(=O)[C@H]([C@@H](C)CC)NC(=O)[C@H](CO)NC(=O)[C@H](CCSC)NC(=O)[C@@H]1CCCN1C(=O)[C@H]([C@@H](C)CC)NC(=O)[C@H](C)NC(=O)[C@H](CCC(=O)O)NC(=O)[C@H](CC(C)C)NC(=O)[C@H](CC1=CC=CC=C1)NC(=O)[C@H](CCSC)NC(=O)[C@H](C)NC(=O)CNC(=O)[C@H](C)NC(=O)[C@H](C)NC(=O)[C@H](CCC(=O)O)NC(=O)[C@H]([C@@H](C)O)NC(=O)CNC(=O)[C@H](CCCCN)NC(=O)[C@H](CCC(=O)O)NC(=O)[C@H](CC(=O)O)N
OCTREOTIDE,448601,C[C@H]([C@H]1C(=O)N[C@@H](CSSC[C@@H](C(=O)N[C@H](C(=O)N[C@@H](C(=O)N[C@H](C(=O)N1)CCCCN)CC2=CNC3=CC=CC=C32)CC4=CC=CC=C4)NC(=O)[C@@H](CC5=CC=CC=C5)N)C(=O)N[C@H](CO)[C@@H](C)O)O
ALENDRONATE,2088,C(CC(O)(P(=O)(O)O)P(=O)(O)O)CN
DEXMEDETOMIDINE,5311068,CC1=C(C(=CC=C1)[C@H](C)C2=CN=CN2)C
ZOLEDRONIC ACID,68740,C1=CN(C=N1)CC(O)(P(=O)(O)O)P(=O)(O)O
SODIUM ACETATE,517045,CC(=O)[O-].[Na+]
VALPROIC ACID,3121,CCCC(CCC)C(=O)O
ASTRAGALOSIDE IV,24720993,C[C@]12CC[C@@]34C[C@@]35CCC(C([C@@H]5[C@H](C[C@H]4[C@@]1(C[C@@H]([C@@H]2[C@]6(CC[C@H](O6)C(C)(C)O)C)O)C)O[C@H]7[C@@H]([C@H]([C@@H]([C@H](O7)CO)O)O)O)(C)C)O[C@H]8[C@@H]([C@H]([C@@H](CO8)O)O)O
OSTHOLE,10228,CC(=CCC1=C(C=CC2=C1OC(=O)C=C2)OC)C
EICOSAPENTAENOIC ACID,446284,CC/C=C\C/C=C\C/C=C\C/C=C\C/C=C\CCCC(=O)O
SALIDROSIDE,159278,C1=CC(=CC=C1CCO[C@H]2[C@@H]([C@H]([C@@H]([C@H](O2)CO)O)O)O)O
CRYPTOTANSHINONE,160254,C[C@H]1COC2=C1C(=O)C(=O)C3=C2C=CC4=C3CCCC4(C)C
MORPHINE,5288826,CN1CC[C@]23[C@@H]4[C@H]1CC5=C2C(=C(C=C5)O)O[C@H]3[C@H](C=C4)O
TETRABROMOBISPHENOL A,6618,CC(C)(C1=CC(=C(C(=C1)Br)O)Br)C2=CC(=C(C(=C2)Br)O)Br
GENISTEIN,5280961,C1=CC(=CC=C1C2=COC3=CC(=CC(=C3C2=O)O)O)O
MIBOLERONE,251636,C[C@@H]1CC2=CC(=O)CC[C@@H]2[C@@H]3[C@@H]1[C@@H]4CC[C@]([C@]4(CC3)C)(C)O
DIETHYLSTILBESTROL,3054,CCC(=C(CC)C1=CC=C(C=C1)O)C2=CC=C(C=C2)O
PHENETHYL ISOTHIOCYANATE,16741,C1=CC=C(C=C1)CCN=C=S
OTX-015,9936746,CC1=C(SC2=C1C(=N[C@H](C3=NN=C(N32)C)CC(=O)NC4=CC=C(C=C4)O)C5=CC=C(C=C5)Cl)C
COLCHICINE,2833,CC(=O)NC1CCC2=CC(=C(C(=C2C3=CC=C(C(=O)C=C13)OC)OC)OC)OC
PTEROSTILBENE,5281727,COC1=CC(=CC(=C1)/C=C/C2=CC=C(C=C2)O)OC
ANDROGRAPHOLIDE,5318517,C[C@@]12CC[C@H]([C@@]([C@H]1CCC(=C)[C@H]2C/C=C/3\[C@@H](COC3=O)O)(C)CO)O
LINOLEIC ACID,5280450,CCCCC/C=C\C/C=C\CCCCCCCC(=O)O
LACOSAMIDE,219078,CC(=O)N[C@H](COC)C(=O)NCC1=CC=CC=C1
BRIVARACETAM,9837243,CCC[C@@H]1CC(=O)N(C1)[C@@H](CC)C(=O)N
SKULLCAPFLAVONE I,5320399,COC1=C(C2=C(C(=C1)O)C(=O)C=C(O2)C3=CC=CC=C3O)OC
RO-41-5253,5312120,CCCCCCCOC1=CC2=C(C=C1/C(=C/C3=CC=C(C=C3)C(=O)O)/C)C(CCS2(=O)=O)(C)C
10-HYDROXYCAMPTOTHECIN,97226,CC[C@@]1(C2=C(COC1=O)C(=O)N3CC4=C(C3=C2)N=C5C=CC(=CC5=C4)O)O
MITOMYCIN C,5746,CC1=C(C(=O)C2=C(C1=O)N3C[C@H]4[C@@H]([C@@]3([C@@H]2COC(=O)N)OC)N4)N
MORIN,5281670,C1=CC(=C(C=C1O)O)C2=C(C(=O)C3=C(C=C(C=C3O2)O)O)O
BETA-SITOSTEROL-D-GLUCOSIDE,12309060,CC[C@H](CC[C@@H](C)[C@H]1CC[C@@H]2[C@@]1(CC[C@H]3[C@H]2CC=C4[C@@]3(CCC(C4)O[C@H]5[C@@H]([C@H]([C@@H]([C@H](O5)CO)O)O)O)C)C)C(C)C
S-EQUOL,91469,C1[C@H](COC2=C1C=CC(=C2)O)C3=CC=C(C=C3)O
OLEANOLIC ACID,10494,C[C@]12CC[C@@H](C([C@@H]1CC[C@@]3([C@@H]2CC=C4[C@]3(CC[C@@]5([C@H]4CC(CC5)(C)C)C(=O)O)C)C)(C)C)O
SULINDAC SULFIDE,5352624,CC\1=C(C2=C(/C1=C\C3=CC=C(C=C3)SC)C=CC(=C2)F)CC(=O)O
DEOXYGLUCOSE,108223,C(C=O)[C@H]([C@@H]([C@@H](CO)O)O)O
NORCANTHARIDIN,93004,C1CC2C3C(C1O2)C(=O)OC3=O
LINIFANIB,11485656,CC1=CC(=C(C=C1)F)NC(=O)NC2=CC=C(C=C2)C3=C4C(=CC=C3)NN=C4N
FENRETINIDE,5288209,CC1=C(C(CCC1)(C)C)/C=C/C(=C/C=C/C(=C/C(=O)NC2=CC=C(C=C2)O)/C)/C
PACLITAXEL,36314,CC1=C2[C@H](C(=O)[C@@]3([C@H](C[C@@H]4[C@]([C@H]3[C@@H]([C@@](C2(C)C)(C[C@@H]1OC(=O)[C@@H]([C@H](C5=CC=CC=C5)NC(=O)C6=CC=CC=C6)O)O)OC(=O)C7=CC=CC=C7)(CO4)OC(=O)C)O)C)OC(=O)C
TESTOSTERONE,6013,C[C@]12CC[C@H]3[C@H]([C@@H]1CC[C@@H]2O)CCC4=CC(=O)CC[C@]34C
ASCORBIC ACID,54670067,C([C@@H]([C@@H]1C(=C(C(=O)O1)O)O)O)O
ANGIOTENSIN II,172198,CC[C@H](C)[C@@H](C(=O)N[C@@H](CC1=CN=CN1)C(=O)N2CCC[C@H]2C(=O)N[C@@H](CC3=CC=CC=C3)C(=O)O)NC(=O)[C@H](CC4=CC=C(C=C4)O)NC(=O)[C@H](C(C)C)NC(=O)[C@H](CCCN=C(N)N)NC(=O)[C@H](CC(=O)O)N
BORTEZOMIB,387447,B([C@H](CC(C)C)NC(=O)[C@H](CC1=CC=CC=C1)NC(=O)C2=NC=CN=C2)(O)O
COPTISINE,72322,C1C[N+]2=C(C=C3C=CC4=C(C3=C2)OCO4)C5=CC6=C(C=C51)OCO6
URSODEOXYCHOLIC ACID,31401,C[C@H](CCC(=O)O)[C@H]1CC[C@@H]2[C@@]1(CC[C@H]3[C@H]2[C@H](C[C@H]4[C@@]3(CC[C@H](C4)O)C)O)C
SODIUM SELENITE,24934,[O-][Se](=O)[O-].[Na+].[Na+]
DAIDZEIN,5281708,C1=CC(=CC=C1C2=COC3=C(C2=O)C=CC(=C3)O)O
ACITRETIN,5284513,CC1=CC(=C(C(=C1/C=C/C(=C/C=C/C(=C/C(=O)O)/C)/C)C)C)OC
TAURINE,1123,C(CS(=O)(=O)O)N
IMATINIB,5291,CC1=C(C=C(C=C1)NC(=O)C2=CC=C(C=C2)CN3CCN(CC3)C)NC4=NC=CC(=N4)C5=CN=CC=C5
FUCOIDAN,92023653,C[C@@H]1[C@H]([C@@H]([C@@H]([C@@H](O1)C)OS(=O)(=O)O)O)O
ISOLIQUIRITIGENIN,638278,C1=CC(=CC=C1/C=C/C(=O)C2=C(C=C(C=C2)O)O)O
ROSMARINIC ACID,5281792,C1=CC(=C(C=C1C[C@H](C(=O)O)OC(=O)/C=C/C2=CC(=C(C=C2)O)O)O)O
THAPSIGARGIN,446378,CCCCCCCC(=O)O[C@H]1[C@H]2C(=C([C@@H]1OC(=O)/C(=C\C)/C)C)[C@H]3[C@]([C@H](C[C@]2(C)OC(=O)C)OC(=O)CCC)([C@](C(=O)O3)(C)O)O
IRINOTECAN,60838,CCC1=C2CN3C(=CC4=C(C3=O)COC(=O)[C@@]4(CC)O)C2=NC5=C1C=C(C=C5)OC(=O)N6CCC(CC6)N7CCCCC7
FDUMP[10],8642,C1[C@@H]([C@H](O[C@H]1N2C=C(C(=O)NC2=O)F)COP(=O)(O)O)O
FLOXURIDINE,5790,C1[C@@H]([C@H](O[C@H]1N2C=C(C(=O)NC2=O)F)CO)O
TOPOTECAN,60699,CC[C@@]1(C2=C(COC1=O)C(=O)N3CC4=CC5=C(C=CC(=C5CN(C)C)O)N=C4C3=C2)O.Cl
METHOTREXATE,126941,CN(CC1=CN=C2C(=N1)C(=NC(=N2)N)N)C3=CC=C(C=C3)C(=O)N[C@@H](CCC(=O)O)C(=O)O
EVEROLIMUS,6442177,C[C@@H]1CC[C@H]2C[C@@H](/C(=C/C=C/C=C/[C@H](C[C@H](C(=O)[C@@H]([C@@H](/C(=C/[C@H](C(=O)C[C@H](OC(=O)[C@@H]3CCCCN3C(=O)C(=O)[C@@]1(O2)O)[C@H](C)C[C@@H]4CC[C@H]([C@@H](C4)OC)OCCO)C)/C)O)OC)C)C)/C)OC
JQ1,46907787,CC1=C(SC2=C1C(=N[C@H](C3=NN=C(N32)C)CC(=O)OC(C)(C)C)C4=CC=C(C=C4)Cl)C
ICARITIN,5318980,CC(=CCC1=C2C(=C(C=C1O)O)C(=O)C(=C(O2)C3=CC=C(C=C3)OC)O)C
"5-METHOXY-N,N-DIMETHYLTRYPTAMINE",1832,CN(C)CCC1=CNC2=C1C=C(C=C2)OC
DESIPRAMINE,2995,CNCCCN1C2=CC=CC=C2CCC3=CC=CC=C31
METHADONE,4095,CCC(=O)C(CC(C)N(C)C)(C1=CC=CC=C1)C2=CC=CC=C2
METHYLPHENIDATE,4158,COC(=O)C(C1CCCCN1)C2=CC=CC=C2
"N,N-DIMETHYLTRYPTAMINE",6089,CN(C)CCC1=CNC2=CC=CC=C21
COBALT CHLORIDE,3032536,[Cl-].[Cl-].[Co+2]
PAEONIFLORIN,129316829,C[C@]12C[C@@]3(C4C[C@]1([C@@]4(C(O2)O3)COC(=O)C5=CC=CC=C5)OC6C(C(C(C(O6)CO)O)O)O)O
BAOHUOSIDE I,5488822,C[C@H]1[C@@H]([C@H]([C@H]([C@@H](O1)OC2=C(OC3=C(C(=CC(=C3C2=O)O)O)CC=C(C)C)C4=CC=C(C=C4)OC)O)O)O
AMENTOFLAVONE,5281600,C1=CC(=CC=C1C2=CC(=O)C3=C(O2)C(=C(C=C3O)O)C4=C(C=CC(=C4)C5=CC(=O)C6=C(C=C(C=C6O5)O)O)O)O
TN-14003,16130647,C1C[C@H]2C(=O)N[C@H](C(=O)N[C@H](C(=O)N[C@H](C(=O)N[C@@H](CSSC[C@@H](C(=O)N[C@H](C(=O)N[C@H](C(=O)N[C@H](C(=O)N[C@@H](C(=O)N2C1)CCCCN)CCCCN)CCCNC(=O)N)CC3=CC=C(C=C3)O)NC(=O)[C@H](CC4=CC5=CC=CC=C5C=C4)NC(=O)[C@H](CCCNC(=N)N)NC(=O)[C@H](CCCNC(=N)N)N)C(=O)N[C@@H](CCCNC(=N)N)C(=O)N)CCCNC(=O)N)CCCNC(=N)N)CC6=CC=C(C=C6)O
MIDAZOLAM,4192,CC1=NC=C2N1C3=C(C=C(C=C3)Cl)C(=NC2)C4=CC=CC=C4F
GAMMA-MANGOSTIN,5464078,CC(=CCC1=C(C2=C(C=C1O)OC3=C(C2=O)C(=C(C(=C3)O)O)CC=C(C)C)O)C
SYRINGIN,5316860,COC1=CC(=CC(=C1O[C@H]2[C@@H]([C@H]([C@@H]([C@H](O2)CO)O)O)O)OC)/C=C/CO
GLUTAMINE,5961,C(CC(=O)N)[C@@H](C(=O)O)N
FRAXETIN,5273569,COC1=C(C(=C2C(=C1)C=CC(=O)O2)O)O
PITAVASTATIN,5282452,C1CC1C2=NC3=CC=CC=C3C(=C2/C=C/[C@H](C[C@H](CC(=O)O)O)O)C4=CC=C(C=C4)F
FOLIC ACID,6037,C1=CC(=CC=C1C(=O)N[C@@H](CCC(=O)O)C(=O)O)NCC2=CN=C3C(=N2)C(=O)N=C(N3)N
"N,N'-DINITROSOPIPERAZINE",8819,C1CN(CCN1N=O)N=O
OVATODIOLIDE,6451060,C/C/1=C\CCC2=C[C@@H](C/C(=C/[C@H]3[C@H](CC1)C(=C)C(=O)O3)/C)OC2=O
XANTHOHUMOL,639665,CC(=CCC1=C(C(=C(C=C1O)OC)C(=O)/C=C/C2=CC=C(C=C2)O)O)C
ABEXINOSTAT,11749858,CN(C)CC1=C(OC2=CC=CC=C21)C(=O)NCCOC3=CC=C(C=C3)C(=O)NO
ISOFLAVONE,72304,C1=CC=C(C=C1)C2=COC3=CC=CC=C3C2=O
DANAZOL,28417,C[C@]12CC[C@H]3[C@H]([C@@H]1CC[C@]2(C#C)O)CCC4=CC5=C(C[C@]34C)C=NO5
MEDROXYPROGESTERONE ACETATE,6279,C[C@H]1C[C@@H]2[C@H](CC[C@]3([C@H]2CC[C@@]3(C(=O)C)OC(=O)C)C)[C@@]4(C1=CC(=O)CC4)C
4-HYDROXYNONENAL,5283344,CCCCCC(/C=C/C=O)O
SCHISANDRIN B,108130,CC1CC2=CC3=C(C(=C2C4=C(C(=C(C=C4CC1C)OC)OC)OC)OC)OCO3
ASTEMIZOLE,2247,COC1=CC=C(C=C1)CCN2CCC(CC2)NC3=NC4=CC=CC=C4N3CC5=CC=C(C=C5)F
LIMONIN,179651,C[C@@]12CC[C@H]3[C@]([C@@]14[C@H](O4)C(=O)O[C@H]2C5=COC=C5)(C(=O)C[C@@H]6[C@@]37COC(=O)C[C@@H]7OC6(C)C)C
P-COUMARIC ACID,637542,C1=CC(=CC=C1/C=C/C(=O)O)O
NITIDINE CHLORIDE,25659,C[N+]1=CC2=CC(=C(C=C2C3=C1C4=CC5=C(C=C4C=C3)OCO5)OC)OC.[Cl-]
ETHANOL,702,CCO
CAPECITABINE,60953,CCCCCOC(=O)NC1=NC(=O)N(C=C1F)[C@H]2[C@@H]([C@@H]([C@H](O2)C)O)O
CAMPTOTHECIN,24360,CC[C@@]1(C2=C(COC1=O)C(=O)N3CC4=CC5=CC=CC=C5N=C4C3=C2)O
I-BET151,52912189,CC1=C(C(=NO1)C)C2=C(C=C3C(=C2)N=CC4=C3N(C(=O)N4)[C@H](C)C5=CC=CC=N5)OC
ASTRAGALIN,5282102,C1=CC(=CC=C1C2=C(C(=O)C3=C(C=C(C=C3O2)O)O)O[C@H]4[C@@H]([C@H]([C@@H]([C@H](O4)CO)O)O)O)O
AR-42,6918848,CC(C)[C@@H](C1=CC=CC=C1)C(=O)NC2=CC=C(C=C2)C(=O)NO
(-)-SATIVAN,170570,COC1=CC(=C(C=C1)[C@H]2CC3=C(C=C(C=C3)O)OC2)OC
PHORBOL 12-MYRISTATE 13-ACETATE,27924,CCCCCCCCCCCCCC(=O)O[C@@H]1[C@H]([C@]2([C@@H](C=C(C[C@]3([C@H]2C=C(C3=O)C)O)CO)[C@H]4[C@@]1(C4(C)C)OC(=O)C)O)C
5-AMINOSALICYLIC ACID,4075,C1=CC(=C(C=C1N)C(=O)O)O
AROCLOR 1260,38018,C1=CC(=C(C(=C1C2=C(C(=C(C=C2)Cl)Cl)Cl)Cl)Cl)Cl
TICAGRELOR,9871419,CCCSC1=NC(=C2C(=N1)N(N=N2)[C@@H]3C[C@@H]([C@H]([C@H]3O)O)OCCO)N[C@@H]4C[C@H]4C5=CC(=C(C=C5)F)F
IBRUTINIB,24821094,C=CC(=O)N1CCC[C@H](C1)N2C3=NC=NC(=C3C(=N2)C4=CC=C(C=C4)OC5=CC=CC=C5)N
FLAVONOID,5459184,COC1=C(C=CC(=C1)C2=C(C(=O)C3=C(O2)C(=C(C=C3O)OC)OC)OC)O
NARINGIN,442428,C[C@H]1[C@@H]([C@H]([C@H]([C@@H](O1)O[C@@H]2[C@H]([C@@H]([C@H](O[C@H]2OC3=CC(=C4C(=O)C[C@H](OC4=C3)C5=CC=C(C=C5)O)O)CO)O)O)O)O)O
NIMBOLIDE,12313376,CC1=C2[C@@H](C[C@H]1C3=COC=C3)O[C@H]4[C@@]2([C@@H]([C@@]5([C@H]6[C@H]4OC(=O)[C@@]6(C=CC5=O)C)C)CC(=O)OC)C
PHYTIC ACID,890,C1(C(C(C(C(C1OP(=O)(O)O)OP(=O)(O)O)OP(=O)(O)O)OP(=O)(O)O)OP(=O)(O)O)OP(=O)(O)O
ISOSORBIDE MONONITRATE,27661,C1[C@@H]([C@@H]2[C@H](O1)[C@@H](CO2)O[N+](=O)[O-])O
LIPOXIN A4,5280914,CCCCC[C@@H](/C=C/C=C\C=C\C=C\[C@H]([C@H](CCCC(=O)O)O)O)O
TUBEIMOSIDE-1,73362,C[C@H]1[C@H]2[C@H]([C@H]([C@@H](O1)O[C@@H]3[C@H]([C@@H](CO[C@H]3OC(=O)[C@@]45CC[C@@]6(C(=CC[C@]7([C@]6(CC[C@H]8[C@@]7(C[C@@H]([C@@H]([C@@]8(C)CO)O[C@H]9[C@@H]([C@H]([C@@H]([C@H](O9)CO)O)O)O[C@H]1[C@@H]([C@H]([C@H]([C@@H](O1)C(=O)C[C@](CC(=O)O2)(C)O)O)O)O)O)C)C)C)[C@@]4(CC(CC5)(C)C)C)C)O)O)O)O[C@H]1[C@@H]([C@H]([C@@H](CO1)O)O)O
CELECOXIB,2662,CC1=CC=C(C=C1)C2=CC(=NN2C3=CC=C(C=C3)S(=O)(=O)N)C(F)(F)F
PAEONOL,11092,CC(=O)C1=C(C=C(C=C1)OC)O
CHENODEOXYCHOLIC ACID,10133,C[C@H](CCC(=O)O)[C@H]1CC[C@@H]2[C@@]1(CC[C@H]3[C@H]2[C@@H](C[C@H]4[C@@]3(CC[C@H](C4)O)C)O)C
FORMONONETIN,5280378,COC1=CC=C(C=C1)C2=COC3=C(C2=O)C=CC(=C3)O
ALLICIN,65036,C=CCSS(=O)CC=C
(E)-3-TOSYLACRYLONITRILE,5353431,CC1=CC=C(C=C1)S(=O)(=O)/C=C/C#N
RISPERIDONE,5073,CC1=C(C(=O)N2CCCCC2=N1)CCN3CCC(CC3)C4=NOC5=C4C=CC(=C5)F
GINSENOSIDE RG3,9918693,CC(=CCC[C@@](C)([C@H]1CC[C@@]2([C@@H]1[C@@H](C[C@H]3[C@]2(CC[C@@H]4[C@@]3(CC[C@@H](C4(C)C)O[C@H]5[C@@H]([C@H]([C@@H]([C@H](O5)CO)O)O)O[C@H]6[C@@H]([C@H]([C@@H]([C@H](O6)CO)O)O)O)C)C)O)C)O)C
LAMOTRIGINE,3878,C1=CC(=C(C(=C1)Cl)Cl)C2=C(N=C(N=N2)N)N
LITHIUM,3028194,[Li]
QUETIAPINE,5002,C1CN(CCN1CCOCCO)C2=NC3=CC=CC=C3SC4=CC=CC=C42
"N,N-DIMETHYLFORMAMIDE",6228,CN(C)C=O
TIMOSAPONIN A-III,15953793,C[C@H]1CC[C@@]2([C@H]([C@H]3[C@@H](O2)C[C@@H]4[C@@]3(CC[C@H]5[C@H]4CC[C@H]6[C@@]5(CC[C@@H](C6)O[C@H]7[C@@H]([C@H]([C@H]([C@H](O7)CO)O)O)O[C@H]8[C@@H]([C@H]([C@@H]([C@H](O8)CO)O)O)O)C)C)C)OC1
MAGNOLOL,72300,C=CCC1=CC(=C(C=C1)O)C2=C(C=CC(=C2)CC=C)O
PLATYCODIN D,162859,C[C@H]1[C@@H]([C@H]([C@H]([C@@H](O1)O[C@@H]2[C@H]([C@H](CO[C@H]2OC(=O)[C@]34CCC(C[C@H]3C5=CC[C@H]6[C@]([C@@]5(C[C@H]4O)C)(CC[C@@H]7[C@@]6(C[C@@H]([C@@H](C7(CO)CO)O[C@H]8[C@@H]([C@H]([C@@H]([C@H](O8)CO)O)O)O)O)C)C)(C)C)O)O)O)O)O[C@H]9[C@@H]([C@H]([C@@H](CO9)O)O[C@H]1[C@@H]([C@](CO1)(CO)O)O)O
SUFENTANIL,41693,CCC(=O)N(C1=CC=CC=C1)C2(CCN(CC2)CCC3=CC=CS3)COC
ARSENIC,5359596,[As]
ELDECALCITOL,6918141,C[C@H](CCCC(C)(C)O)[C@H]1CC[C@@H]\2[C@@]1(CCC/C2=C\C=C/3\C[C@H]([C@H]([C@@H](C3=C)O)OCCCO)O)C
SEVOFLURANE,5206,C(OC(C(F)(F)F)C(F)(F)F)F
BILOBALIDE,25090658,CC(C)(C)[C@@]1(C[C@H]2[C@@]3(C14[C@@H](OC(=O)C4O)OC3=O)CC(=O)O2)O
MITOXANTRONE,4212,C1=CC(=C2C(=C1NCCNCCO)C(=O)C3=C(C=CC(=C3C2=O)O)O)NCCNCCO
ATROPINE,174174,CN1[C@@H]2CC[C@H]1CC(C2)OC(=O)C(CO)C3=CC=CC=C3
TACROLIMUS,445643,C[C@@H]1C[C@@H]([C@@H]2[C@H](C[C@H]([C@@](O2)(C(=O)C(=O)N3CCCC[C@H]3C(=O)O[C@@H]([C@@H]([C@H](CC(=O)[C@@H](/C=C(/C1)\C)CC=C)O)C)/C(=C/[C@@H]4CC[C@H]([C@@H](C4)OC)O)/C)O)C)OC)OC
EPIRUBICIN,41867,C[C@H]1[C@@H]([C@H](C[C@@H](O1)O[C@H]2C[C@@](CC3=C2C(=C4C(=C3O)C(=O)C5=C(C4=O)C(=CC=C5)OC)O)(C(=O)CO)O)N)O
ATRACTYLENOLIDE III,155948,CC1=C2C[C@H]3C(=C)CCC[C@@]3(C[C@@]2(OC1=O)O)C
METHYLSULFONYLMETHANE,158582794,CS(=O)(=O)C.C(F)(F)(F)S(=O)(=O)O
GINGEROL,442793,CCCCC[C@@H](CC(=O)CCC1=CC(=C(C=C1)O)OC)O
FLAVIPIN,3083587,CC1=C(C(=C(C(=C1O)O)O)C=O)C=O
NOTOGINSENOSIDE R1,441934,CC(=CCC[C@@](C)([C@H]1CC[C@@]2([C@@H]1[C@@H](C[C@H]3[C@]2(C[C@@H]([C@@H]4[C@@]3(CC[C@@H](C4(C)C)O)C)O[C@H]5[C@@H]([C@H]([C@@H]([C@H](O5)CO)O)O)O[C@H]6[C@@H]([C@H]([C@@H](CO6)O)O)O)C)O)C)O[C@H]7[C@@H]([C@H]([C@@H]([C@H](O7)CO)O)O)O)C
BUPIVACAINE,2474,CCCCN1CCCCC1C(=O)NC2=C(C=CC=C2C)C
THIDIAZURON,40087,C1=CC=C(C=C1)NC(=O)NC2=CN=NS2
HESPERIDIN,10621,C[C@H]1[C@@H]([C@H]([C@H]([C@@H](O1)OC[C@@H]2[C@H]([C@@H]([C@H]([C@@H](O2)OC3=CC(=C4C(=O)C[C@H](OC4=C3)C5=CC(=C(C=C5)OC)O)O)O)O)O)O)O)O
SIALIC ACID,906,CC(=O)NC1C(CC(OC1C(C(CO)O)O)(C(=O)O)O)O
IBANDRONATE,60852,CCCCCN(C)CCC(O)(P(=O)(O)O)P(=O)(O)O
LOVASTATIN,53232,CC[C@H](C)C(=O)O[C@H]1C[C@H](C=C2[C@H]1[C@H]([C@H](C=C2)C)CC[C@@H]3C[C@H](CC(=O)O3)O)C
VITAMIN K2,4056,CC1=C(C(=O)C2=CC=CC=C2C1=O)CC=C(C)CCC=C(C)CCC=C(C)CCC=C(C)C
WARFARIN,54678486,CC(=O)CC(C1=CC=CC=C1)C2=C(C3=CC=CC=C3OC2=O)O
TERIPARATIDE,16129682,CCC(C)C(C(=O)NC(CCC(=O)N)C(=O)NC(CC(C)C)C(=O)NC(CCSC)C(=O)NC(CC1=CNC=N1)C(=O)NC(CC(=O)N)C(=O)NC(CC(C)C)C(=O)NCC(=O)NC(CCCCN)C(=O)NC(CC2=CNC=N2)C(=O)NC(CC(C)C)C(=O)NC(CC(=O)N)C(=O)NC(CO)C(=O)NC(CCSC)C(=O)NC(CCC(=O)O)C(=O)NC(CCCNC(=N)N)C(=O)NC(C(C)C)C(=O)NC(CCC(=O)O)C(=O)NC(CC3=CNC4=CC=CC=C43)C(=O)NC(CC(C)C)C(=O)NC(CCCNC(=N)N)C(=O)NC(CCCCN)C(=O)NC(CCCCN)C(=O)NC(CC(C)C)C(=O)NC(CCC(=O)N)C(=O)NC(CC(=O)O)C(=O)NC(C(C)C)C(=O)NC(CC5=CNC=N5)C(=O)NC(CC(=O)N)C(=O)NC(CC6=CC=CC=C6)C(=O)O)NC(=O)C(CCC(=O)O)NC(=O)C(CO)NC(=O)C(C(C)C)NC(=O)C(CO)N
PUERARIN,5281807,C1=CC(=CC=C1C2=COC3=C(C2=O)C=CC(=C3[C@H]4[C@@H]([C@H]([C@@H]([C@H](O4)CO)O)O)O)O)O
BRAZILEIN,6453902,C1C2=CC(=C(C=C2C3=C4C=CC(=O)C=C4OCC31O)O)O
ALPHA-MANGOSTIN,5281650,CC(=CCC1=C(C2=C(C=C1O)OC3=C(C2=O)C(=C(C(=C3)O)OC)CC=C(C)C)O)C
PROCAINE,4914,CCN(CC)CCOC(=O)C1=CC=C(C=C1)N
GEFITINIB,123631,COC1=C(C=C2C(=C1)N=CN=C2NC3=CC(=C(C=C3)F)Cl)OCCCN4CCOCC4
PALIPERIDONE,115237,CC1=C(C(=O)N2CCCC(C2=N1)O)CCN3CCC(CC3)C4=NOC5=C4C=CC(=C5)F
PYROGALLOL,1057,C1=CC(=C(C(=C1)O)O)O
LIGUSTRAZINE,14296,CC1=C(N=C(C(=N1)C)C)C
D-GLUCOSE,107526,C([C@H]([C@H]([C@@H]([C@H](C=O)O)O)O)O)O
RIPASUDIL,9863672,C[C@H]1CNCCCN1S(=O)(=O)C2=CC=CC3=CN=CC(=C32)F
ISORHAPONTIGENIN,5318650,COC1=C(C=CC(=C1)/C=C/C2=CC(=CC(=C2)O)O)O
BENZYL BUTYL PHTHALATE,2347,CCCCOC(=O)C1=CC=CC=C1C(=O)OCC2=CC=CC=C2
TRIPTOLIDE,107985,CC(C)[C@@]12[C@@H](O1)[C@H]3[C@@]4(O3)[C@]5(CCC6=C([C@@H]5C[C@H]7[C@]4([C@@H]2O)O7)COC6=O)C
ALPHA-SOLANIN,9549171,C[C@H]1CC[C@@H]2[C@H]([C@H]3[C@@H](N2C1)C[C@@H]4[C@@]3(CC[C@H]5[C@H]4CC=C6[C@@]5(CC[C@@H](C6)O[C@H]7[C@@H]([C@H]([C@H]([C@H](O7)CO)O)O[C@H]8[C@@H]([C@H]([C@@H]([C@H](O8)CO)O)O)O)O[C@H]9[C@@H]([C@@H]([C@H]([C@@H](O9)C)O)O)O)C)C)C
MNCL2,24480,Cl[Mn]Cl
DESFLURANE,42113,C(C(F)(F)F)(OC(F)F)F
PIOGLITAZONE,4829,CCC1=CN=C(C=C1)CCOC2=CC=C(C=C2)CC3C(=O)NC(=O)S3
INSULIN,16131098,CC[C@H](C)[C@H]1C(=O)N[C@H]2CSSC[C@@H](C(=O)N[C@@H](CSSC[C@@H](C(=O)NCC(=O)N[C@H](C(=O)N[C@H](C(=O)N[C@H](C(=O)N[C@H](C(=O)N[C@H](C(=O)N[C@H](C(=O)N[C@H](C(=O)N[C@H](C(=O)N[C@H](C(=O)N[C@H](C(=O)N[C@@H](CSSC[C@H](NC(=O)[C@@H](NC(=O)[C@@H](NC(=O)[C@@H](NC(=O)[C@@H](NC(=O)[C@@H](NC(=O)[C@@H](NC(=O)[C@@H](NC(=O)[C@@H](NC2=O)CO)CC(C)C)CC3=CC=C(C=C3)O)CCC(=O)N)CC(C)C)CCC(=O)O)CC(=O)N)CC4=CC=C(C=C4)O)C(=O)N[C@@H](CC(=O)N)C(=O)O)C(=O)NCC(=O)N[C@@H](CCC(=O)O)C(=O)N[C@@H](CCCNC(=N)N)C(=O)NCC(=O)N[C@@H](CC5=CC=CC=C5)C(=O)N[C@@H](CC6=CC=CC=C6)C(=O)N[C@@H](CC7=CC=C(C=C7)O)C(=O)N[C@@H]([C@@H](C)O)C(=O)N8CCC[C@H]8C(=O)N[C@@H](CCCCN)C(=O)N[C@@H](C)C(=O)O)C(C)C)CC(C)C)CC9=CC=C(C=C9)O)CC(C)C)C)CCC(=O)O)C(C)C)CC(C)C)CC2=CN=CN2)CO)NC(=O)[C@H](CC(C)C)NC(=O)[C@H](CC2=CN=CN2)NC(=O)[C@H](CCC(=O)N)NC(=O)[C@H](CC(=O)N)NC(=O)[C@H](C(C)C)NC(=O)[C@H](CC2=CC=CC=C2)N)C(=O)N[C@H](C(=O)N[C@H](C(=O)N1)CO)[C@@H](C)O)NC(=O)[C@H](CCC(=O)N)NC(=O)[C@H](CCC(=O)O)NC(=O)[C@H](C(C)C)NC(=O)[C@H]([C@@H](C)CC)NC(=O)CN
CATALPOL,91520,C1=CO[C@H]([C@H]2[C@@H]1[C@@H]([C@H]3[C@@]2(O3)CO)O)O[C@H]4[C@@H]([C@H]([C@@H]([C@H](O4)CO)O)O)O
GINSENOSIDE RH3,20839223,CC(=CC/C=C(/C)\[C@H]1CC[C@@]2([C@@H]1[C@@H](C[C@H]3[C@]2(CC[C@@H]4[C@@]3(CC[C@@H](C4(C)C)O[C@H]5[C@@H]([C@H]([C@@H]([C@H](O5)CO)O)O)O)C)C)O)C)C
QUISINOSTAT,11538455,CN1C=C(C2=CC=CC=C21)CNCC3CCN(CC3)C4=NC=C(C=N4)C(=O)NO
OZONE,24823,[O-][O+]=O
PRAVASTATIN,54687,CC[C@H](C)C(=O)O[C@H]1C[C@@H](C=C2[C@H]1[C@H]([C@H](C=C2)C)CC[C@H](C[C@H](CC(=O)O)O)O)O
MYCOPHENOLIC ACID,446541,CC1=C2COC(=O)C2=C(C(=C1OC)C/C=C(\C)/CCC(=O)O)O
S-ADENOSYLMETHIONINE,34755,C[S+](CC[C@@H](C(=O)[O-])N)C[C@@H]1[C@H]([C@H]([C@@H](O1)N2C=NC3=C(N=CN=C32)N)O)O
SALVIANOLIC ACID B,11629084,C1=CC(=C(C=C1C[C@H](C(=O)O)OC(=O)/C=C/C2=C3[C@H]([C@@H](OC3=C(C=C2)O)C4=CC(=C(C=C4)O)O)C(=O)O[C@H](CC5=CC(=C(C=C5)O)O)C(=O)O)O)O
LICOCHALCONE A,5318998,CC(C)(C=C)C1=C(C=C(C(=C1)/C=C/C(=O)C2=CC=C(C=C2)O)OC)O
CARBOPLATIN,38904,C1CC(C1)(C(=O)O)C(=O)O.N.N.[Pt]
CUCURBITACIN D,5353546,CC1(C2=CCC3C4(CC(C(C4(CC(=O)C3(C2CC(C1=O)O)C)C)C(C)(C(=O)/C=C/C(C)(C)O)O)O)C)C
"1-METHYL-4-PHENYL-1,2,3,6-TETRAHYDROPYRIDINE",1388,CN1CCC(=CC1)C2=CC=CC=C2
GW4869,16078967,C1NC(=NC1)C2=CC=C(C=C2)NC(=O)/C=C/C3=CC=C(C=C3)/C=C/C(=O)NC4=CC=C(C=C4)C5=NCCN5.Cl.Cl
GINSENOSIDE RD,11679800,CC(=CCC[C@@](C)([C@H]1CC[C@@]2([C@@H]1[C@@H](C[C@H]3[C@]2(CC[C@@H]4[C@@]3(CC[C@@H](C4(C)C)O[C@H]5[C@@H]([C@H]([C@@H]([C@H](O5)CO)O)O)O[C@H]6[C@@H]([C@H]([C@@H]([C@H](O6)CO)O)O)O)C)C)O)C)O[C@H]7[C@@H]([C@H]([C@@H]([C@H](O7)CO)O)O)O)C
BLEOMYCIN A5,84046,CC1=C(N=C(N=C1N)C(CC(=O)N)NCC(C(=O)N)N)C(=O)NC(C(C2=CN=CN2)OC3C(C(C(C(O3)CO)O)O)OC4C(C(C(C(O4)CO)O)OC(=O)N)O)C(=O)NC(C)C(C(C)C(=O)NC(C(C)O)C(=O)NCCC5=NC(=CS5)C6=NC(=CS6)C(=O)NCCCNCCCCN)O
FERULIC ACID,445858,COC1=C(C=CC(=C1)/C=C/C(=O)O)O
WOGONIN,5281703,COC1=C(C=C(C2=C1OC(=CC2=O)C3=CC=CC=C3)O)O
SODIUM ARSENITE,443495,[O-][As]=O.[Na+]
LIDOCAINE,3676,CCN(CC)CC(=O)NC1=C(C=CC=C1C)C
HOMOCYSTEINE,91552,C(CS)[C@@H](C(=O)O)N
PROCYANIDIN B2,122738,C1[C@H]([C@H](OC2=C1C(=CC(=C2[C@@H]3[C@H]([C@H](OC4=CC(=CC(=C34)O)O)C5=CC(=C(C=C5)O)O)O)O)O)C6=CC(=C(C=C6)O)O)O
SLMP53-2,168355621,CN1C=C(C2=CC=CC=C21)C[C@H]3CO[C@]4(N3C(=O)C5=CC=CC=C54)C6=CC=CC=C6
OXYTOCIN,439302,CC[C@H](C)[C@H]1C(=O)N[C@H](C(=O)N[C@H](C(=O)N[C@@H](CSSC[C@@H](C(=O)N[C@H](C(=O)N1)CC2=CC=C(C=C2)O)N)C(=O)N3CCC[C@H]3C(=O)N[C@@H](CC(C)C)C(=O)NCC(=O)N)CC(=O)N)CCC(=O)N
ORTHOSILICIC ACID,14942,O[Si](O)(O)O
POTASSIUM IODATE,23665710,[O-]I(=O)=O.[K+]
BETA-D-MANNOPYRANURONIC ACID,446145,[C@@H]1([C@@H]([C@H](O[C@H]([C@H]1O)O)C(=O)O)O)O
INGENOL MEBUTATE,6918670,C/C=C(/C)\C(=O)O[C@H]1C(=C[C@@]23[C@@]1([C@@H](C(=C[C@H](C2=O)[C@H]4[C@H](C4(C)C)C[C@H]3C)CO)O)O)C
IGURATIMOD,124246,CS(=O)(=O)NC1=C(C=C2C(=C1)OC=C(C2=O)NC=O)OC3=CC=CC=C3
ASTAXANTHIN,5281224,CC1=C(C(C[C@@H](C1=O)O)(C)C)/C=C/C(=C/C=C/C(=C/C=C/C=C(/C=C/C=C(/C=C/C2=C(C(=O)[C@H](CC2(C)C)O)C)\C)\C)/C)/C
ORIENTIN,5281675,C1=CC(=C(C=C1C2=CC(=O)C3=C(O2)C(=C(C=C3O)O)[C@H]4[C@@H]([C@H]([C@@H]([C@H](O4)CO)O)O)O)O)O
SODIUM NEW HOUTTUYFONATE,44602651,CCCCCCCCCCCC(=O)CC(O)S(=O)(=O)[O-].[Na+]
VINBLASTINE,442111,CC[C@]12CN3CCC4=C([C@](C[C@H](C3)[C@H]1O2)(C5=C(C=C6C(=C5)[C@]78CCN9[C@H]7[C@@](C=CC9)([C@H]([C@@]([C@@H]8N6C)(C(=O)OC)O)OC(=O)C)CC)OC)C(=O)OC)NC1=CC=CC=C41
GLABRIDIN,124052,CC1(C=CC2=C(O1)C=CC3=C2OC[C@H](C3)C4=C(C=C(C=C4)O)O)C
AILANTHONE,72965,CC1=CC(=O)[C@H]([C@]2([C@H]1C[C@@H]3[C@]45[C@@H]2[C@]([C@@H](C(=C)[C@@H]4CC(=O)O3)O)(OC5)O)C)O
CASTICIN,5315263,COC1=C(C=C(C=C1)C2=C(C(=O)C3=C(C(=C(C=C3O2)OC)OC)O)OC)O
TOCOTRIENOL,9929901,CC(=CCC/C(=C/CC/C(=C/CCC1(CCC2=C(O1)C=CC(=C2)O)C)/C)/C)C
IVOSIDENIB,71657455,C1CC(=O)N([C@@H]1C(=O)N(C2=CC(=CN=C2)F)[C@@H](C3=CC=CC=C3Cl)C(=O)NC4CC(C4)(F)F)C5=NC=CC(=C5)C#N
TMPYP4,135398505,C[N+]1=CC=C(C=C1)C2=C3C=CC(=C(C4=NC(=C(C5=CC=C(N5)C(=C6C=CC2=N6)C7=CC=[N+](C=C7)C)C8=CC=[N+](C=C8)C)C=C4)C9=CC=[N+](C=C9)C)N3
URIC ACID,1175,C12=C(NC(=O)N1)NC(=O)NC2=O
NOBILETIN,72344,COC1=C(C=C(C=C1)C2=CC(=O)C3=C(O2)C(=C(C(=C3OC)OC)OC)OC)OC
APIGENIN,5280443,C1=CC(=CC=C1C2=CC(=O)C3=C(C=C(C=C3O2)O)O)O
PARAQUAT,15939,C[N+]1=CC=C(C=C1)C2=CC=[N+](C=C2)C
MIFEPRISTONE,55245,CC#C[C@@]1(CC[C@@H]2[C@@]1(C[C@@H](C3=C4CCC(=O)C=C4CC[C@@H]23)C5=CC=C(C=C5)N(C)C)C)O
TAXIFOLIN,439533,C1=CC(=C(C=C1[C@@H]2[C@H](C(=O)C3=C(C=C(C=C3O2)O)O)O)O)O
CHLOROQUINE DIPHOSPHATE,64927,CCN(CC)CCCC(C)NC1=C2C=CC(=CC2=NC=C1)Cl.OP(=O)(O)O.OP(=O)(O)O
EPINEPHRINE,5816,CNC[C@@H](C1=CC(=C(C=C1)O)O)O
ALPROSTADIL,149351,CCCCC[C@@H](C=C[C@H]1[C@@H](CC(=O)[C@@H]1CCCCCCC(=O)O)O)O
BUFALIN,9547215,C[C@]12CC[C@@H](C[C@H]1CC[C@@H]3[C@@H]2CC[C@]4([C@@]3(CC[C@@H]4C5=COC(=O)C=C5)O)C)O
NSC141562,422114,CC1=NC2=CC=CC=C2C=C1C[N+]34CN5CN(C3)CN(C5)C4
CARBAMAZEPINE,2554,C1=CC=C2C(=C1)C=CC3=CC=CC=C3N2C(=O)N
PIPERACILLIN,43672,CCN1CCN(C(=O)C1=O)C(=O)N[C@H](C2=CC=CC=C2)C(=O)N[C@H]3[C@@H]4N(C3=O)[C@H](C(S4)(C)C)C(=O)O
VINORELBINE,44424639,CCC1=C[C@H]2C[C@@](C3=C(CN(C2)C1)C4=CC=CC=C4N3)(C5=C(C=C6C(=C5)[C@]78CCN9[C@H]7[C@@](C=CC9)([C@H]([C@]([C@@H]8N6C)(C(=O)OC)O)OC(=O)C)CC)OC)C(=O)OC
CITALOPRAM,2771,CN(C)CCCC1(C2=C(CO1)C=C(C=C2)C#N)C3=CC=C(C=C3)F
PANAX NOTOGINSENG SAPONINS,297,C
FLUTICASONE PROPIONATE,444036,CCC(=O)O[C@@]1([C@@H](C[C@@H]2[C@@]1(C[C@@H]([C@]3([C@H]2C[C@@H](C4=CC(=O)C=C[C@@]43C)F)F)O)C)C)C(=O)SCF
SINOMENINE,5459308,CN1CC[C@@]23CC(=O)C(=C[C@@H]2[C@@H]1CC4=C3C(=C(C=C4)OC)O)OC
CALCIUM OXALATE,33005,C(=O)(C(=O)[O-])[O-].[Ca+2]
OXYSOPHOCARPINE,161544,C1C[C@H]2CN3[C@H](CC=CC3=O)[C@@H]4[C@H]2[N+](C1)(CCC4)[O-]
SCHIZANDRIN A,23915,CC1CC2=CC(=C(C(=C2C3=C(C(=C(C=C3CC1(C)O)OC)OC)OC)OC)OC)OC
NITAZOXANIDE,41684,CC(=O)OC1=CC=CC=C1C(=O)NC2=NC=C(S2)[N+](=O)[O-]
MELPHALAN,460612,C1=CC(=CC=C1C[C@@H](C(=O)O)N)N(CCCl)CCCl
PREDNISOLONE,5755,C[C@]12C[C@@H]([C@H]3[C@H]([C@@H]1CC[C@@]2(C(=O)CO)O)CCC4=CC(=O)C=C[C@]34C)O
BL-8040,91865076,C1C[C@H]2C(=O)N[C@H](C(=O)N[C@H](C(=O)N[C@H](C(=O)N[C@@H](CSSC[C@@H](C(=O)N[C@H](C(=O)N[C@H](C(=O)N[C@H](C(=O)N[C@H](C(=O)N2C1)CCCCN)CCCCN)CCCNC(=O)N)CC3=CC=C(C=C3)O)NC(=O)[C@H](CC4=CC5=CC=CC=C5C=C4)NC(=O)[C@H](CCCNC(=N)N)NC(=O)[C@H](CCCNC(=N)N)NC(=O)C6=CC=C(C=C6)F)C(=O)N[C@@H](CCCNC(=N)N)C(=O)N)CCCNC(=O)N)CCCNC(=N)N)CC7=CC=C(C=C7)O
ALOE-EMODIN,10207,C1=CC2=C(C(=C1)O)C(=O)C3=C(C2=O)C=C(C=C3O)CO
COBIMETINIB,16222096,C1CCN[C@@H](C1)C2(CN(C2)C(=O)C3=C(C(=C(C=C3)F)F)NC4=C(C=C(C=C4)I)F)O
"O,P'-DICHLORODIPHENYLTRICHLOROETHANE",13089,C1=CC=C(C(=C1)C(C2=CC=C(C=C2)Cl)C(Cl)(Cl)Cl)Cl
MANGIFERIN,5281647,C1=C2C(=CC(=C1O)O)OC3=C(C2=O)C(=C(C(=C3)O)[C@H]4[C@@H]([C@H]([C@@H]([C@H](O4)CO)O)O)O)O
GINSENOSIDE RG1,441923,CC(=CCC[C@@](C)([C@H]1CC[C@@]2([C@@H]1[C@@H](C[C@H]3[C@]2(C[C@@H]([C@@H]4[C@@]3(CC[C@@H](C4(C)C)O)C)O[C@H]5[C@@H]([C@H]([C@@H]([C@H](O5)CO)O)O)O)C)O)C)O[C@H]6[C@@H]([C@H]([C@@H]([C@H](O6)CO)O)O)O)C
1-METHYL-4-PHENYLPYRIDINE,188614,CN1CC=C(C=C1)C2=CC=CC=C2
CALCIUM SULFATE,24497,[O-]S(=O)(=O)[O-].[Ca+2]
MONO-(2-ETHYLHEXYL)PHTHALATE,91735738,CCCCC(CC)COC(=O)C1=CC=CC=C1C(=O)O[Si](C)(C)C
SANGUINARINE,5154,C[N+]1=C2C(=C3C=CC4=C(C3=C1)OCO4)C=CC5=CC6=C(C=C52)OCO6
"1,25-DIHYDROXYVITAMIN D3",6437079,C[C@H](CCCC(C)(C)O)[C@H]1CC[C@@H]\2[C@@]1(CCC/C2=C\C=C/3\C[C@H](CC(C3=C)O)O)C
ZINGIBERENE,92776,CC1=CC[C@@H](C=C1)[C@@H](C)CCC=C(C)C
ABIRATERONE,132971,C[C@]12CC[C@@H](CC1=CC[C@@H]3[C@@H]2CC[C@]4([C@H]3CC=C4C5=CN=CC=C5)C)O
NARINGENIN,439246,C1[C@H](OC2=CC(=CC(=C2C1=O)O)O)C3=CC=C(C=C3)O
CALYCOSIN,5280448,COC1=C(C=C(C=C1)C2=COC3=C(C2=O)C=CC(=C3)O)O
"N-[(2R)-2,3-DIHYDROXYPROPOXY]-3,4-DIFLUORO-2-[(2-FLUORO-4-IODOPHENYL)AMINO]BENZAMIDE",9826528,C1=CC(=C(C=C1I)F)NC2=C(C=CC(=C2F)F)C(=O)NOC[C@@H](CO)O
PENFLURIDOL,33630,C1CN(CCC1(C2=CC(=C(C=C2)Cl)C(F)(F)F)O)CCCC(C3=CC=C(C=C3)F)C4=CC=C(C=C4)F
PIPERLONGUMINE,5320621,CC(C)CNC(=O)/C=C/C=C/C1=CC2=C(C=C1)OCO2
TRABECTEDIN,108150,CC1=CC2=C([C@@H]3[C@@H]4[C@H]5C6=C(C(=C7C(=C6[C@@H](N4[C@H]([C@H](C2)N3C)O)COC(=O)[C@@]8(CS5)C9=CC(=C(C=C9CCN8)O)OC)OCO7)C)OC(=O)C)C(=C1OC)O
RUXOLITINIB,25126798,C1CCC(C1)[C@@H](CC#N)N2C=C(C=N2)C3=C4C=CNC4=NC=N3
MAYTENIN,355376,C[C@@H]1C[C@@H]2[C@@](CC[C@]3(C2(CC[C@@]4(C3=CC=C5C4=CC(=O)C(=C5C)O)C)C)C)(CC1=O)C
LEVONORGESTREL,13109,CC[C@]12CC[C@H]3[C@H]([C@@H]1CC[C@]2(C#C)O)CCC4=CC(=O)CC[C@H]34
TETRA-ARSENIC TETRA-SULFIDE,139298,S1[As]2S[As]3[As]1S[As]2S3
CHLORPYRIFOS,2730,CCOP(=S)(OCC)OC1=NC(=C(C=C1Cl)Cl)Cl
OXYRESVERATROL,5281717,C1=CC(=C(C=C1O)O)/C=C/C2=CC(=CC(=C2)O)O
CURCUMOL,14240392,C[C@H]1CC[C@@H]2[C@]13C[C@H]([C@](O3)(CC2=C)O)C(C)C
TENIPOSIDE,452548,COC1=CC(=CC(=C1O)OC)[C@H]2[C@@H]3[C@H](COC3=O)[C@@H](C4=CC5=C(C=C24)OCO5)O[C@H]6[C@@H]([C@H]([C@H]7[C@H](O6)CO[C@H](O7)C8=CC=CS8)O)O
PIPERINE,638024,C1CCN(CC1)C(=O)/C=C/C=C/C2=CC3=C(C=C2)OCO3
"N,N-DIMETHYLARGININE",123831,CN(C)C(=NCCC[C@@H](C(=O)O)N)N
ROPIVACAINE,175805,CCCN1CCCC[C@H]1C(=O)NC2=C(C=CC=C2C)C
TRICHLOROETHYLENE,6575,C(=C(Cl)Cl)Cl
EFAVIRENZ,64139,C1CC1C#C[C@]2(C3=C(C=CC(=C3)Cl)NC(=O)O2)C(F)(F)F
QUINACRINE,237,CCN(CC)CCCC(C)NC1=C2C=C(C=CC2=NC3=C1C=CC(=C3)Cl)OC
MEPIVACAINE,4062,CC1=C(C(=CC=C1)C)NC(=O)C2CCCCN2C
USNIC ACID,5646,CC1=C(C(=C2C(=C1O)C3(C(=CC(=O)C(C3=O)C(=O)C)O2)C)C(=O)C)O
25-HYDROXYCHOLESTEROL,65094,C[C@H](CCCC(C)(C)O)[C@H]1CC[C@@H]2[C@@]1(CC[C@H]3[C@H]2CC=C4[C@@]3(CC[C@@H](C4)O)C)C
RHAMNOCITRIN,5320946,COC1=CC(=C2C(=C1)OC(=C(C2=O)O)C3=CC=C(C=C3)O)O
LYCORINE,72378,C1CN2CC3=CC4=C(C=C3[C@H]5[C@H]2C1=C[C@@H]([C@H]5O)O)OCO4
POLYPHYLLIN VI,146159198,CC1CC[C@@]2(C([C@]3(C(O2)CC4[C@@]3(CCC5C4CC=C6[C@@]5(CCC(C6)OC7C(C(C(C(O7)CO)O)O)OC8C(C(C(C(O8)C)O)O)O)C)C)O)C)OC1
LEONURINE,161464,COC1=CC(=CC(=C1O)OC)C(=O)OCCCCN=C(N)N
ALUMINUM MALTOLATE,92427,CC1=C(C(=O)C=CO1)[O-].CC1=C(C(=O)C=CO1)[O-].CC1=C(C(=O)C=CO1)[O-].[Al+3]
PRASUGREL,6918456,CC(=O)OC1=CC2=C(S1)CCN(C2)C(C3=CC=CC=C3F)C(=O)C4CC4
VANCOMYCIN,14969,C[C@H]1[C@H]([C@@](C[C@@H](O1)O[C@@H]2[C@H]([C@@H]([C@H](O[C@H]2OC3=C4C=C5C=C3OC6=C(C=C(C=C6)[C@H]([C@H](C(=O)N[C@H](C(=O)N[C@H]5C(=O)N[C@@H]7C8=CC(=C(C=C8)O)C9=C(C=C(C=C9O)O)[C@H](NC(=O)[C@H]([C@@H](C1=CC(=C(O4)C=C1)Cl)O)NC7=O)C(=O)O)CC(=O)N)NC(=O)[C@@H](CC(C)C)NC)O)Cl)CO)O)O)(C)N)O
EXENDIN-4,45588096,CC[C@H](C)[C@@H](C(=O)N[C@@H](CCC(=O)O)C(=O)N[C@@H](CC1=CNC2=CC=CC=C21)C(=O)N[C@@H](CC(C)C)C(=O)N[C@@H](CCCCN)C(=O)N[C@@H](CC(=O)N)C(=O)NCC(=O)NCC(=O)N3CCC[C@H]3C(=O)N[C@@H](CO)C(=O)N[C@@H](CO)C(=O)NCC(=O)N[C@@H](C)C(=O)N4CCC[C@H]4C(=O)N5CCC[C@H]5C(=O)N6CCC[C@H]6C(=O)N[C@@H](CO)C(=O)N)NC(=O)[C@H](CC7=CC=CC=C7)NC(=O)[C@H](CC(C)C)NC(=O)[C@H](CCCNC(=N)N)NC(=O)[C@H](C(C)C)NC(=O)[C@H](C)NC(=O)[C@H](CCC(=O)O)NC(=O)[C@H](CCC(=O)O)NC(=O)[C@H](CCC(=O)O)NC(=O)[C@H](CCSC)NC(=O)[C@H](CCC(=O)N)NC(=O)[C@H](CCCCN)NC(=O)[C@H](CO)NC(=O)[C@H](CC(C)C)NC(=O)[C@H](CC(=O)O)NC(=O)[C@H](CO)NC(=O)[C@H]([C@@H](C)O)NC(=O)[C@H](CC8=CC=CC=C8)NC(=O)[C@H]([C@@H](C)O)NC(=O)CNC(=O)[C@H](CCC(=O)O)NC(=O)CNC(=O)[C@H](CC9=CNC=N9)N
FRUCTOSE,439553,C([C@H]1[C@@H]([C@H]([C@@](O1)(CO)O)O)O)O
MAGNESIUM ISOGLYCYRRHIZINATE,154572880,C[C@]12CC[C@](C[C@@H]1C3=CC(=O)[C@@H]4[C@]5(CC[C@@H](C([C@@H]5CC[C@]4([C@@]3(CC2)C)C)(C)C)O[C@@H]6[C@@H]([C@H]([C@@H]([C@H](O6)C(=O)[O-])O)O)O[C@H]7[C@@H]([C@H]([C@@H]([C@H](O7)C(=O)[O-])O)O)O)C)(C)C(=O)O.[Mg+2]
YANGONIN,5281575,COC1=CC=C(C=C1)/C=C/C2=CC(=CC(=O)O2)OC
ERIBULIN,73425383,C[C@@H]1C[C@@H]2CC[C@H]3C(=C)C[C@@H](O3)CC[C@]45C[C@@H]6[C@H](O4)[C@H]7[C@@H](O6)[C@@H](O5)[C@@H]8[C@@H](O7)CCC(O8)CC(=O)C[C@H]9[C@H](C[C@H](C1=C)O2)O[C@@H]([C@@H]9OC)C[C@@H](CN)O
CLIONASTEROL,457801,CC[C@@H](CC[C@@H](C)[C@H]1CC[C@@H]2[C@@]1(CC[C@H]3[C@H]2CC=C4[C@@]3(CC[C@@H](C4)O)C)C)C(C)C
3-NITROPROPIONIC ACID,1678,C(C[N+](=O)[O-])C(=O)O
OLTIPRAZ,47318,CC1=C(SSC1=S)C2=NC=CN=C2
ALKANNIN,72521,CC(=CC[C@@H](C1=CC(=O)C2=C(C=CC(=C2C1=O)O)O)O)C
SE-METHYLSELENOCYSTEINE,147004,C[Se]C[C@@H](C(=O)O)N
DIHYDROMYRICETIN,161557,C1=C(C=C(C(=C1O)O)O)[C@@H]2[C@H](C(=O)C3=C(C=C(C=C3O2)O)O)O
ATRASENTAN,159594,CCCCN(CCCC)C(=O)CN1C[C@@H]([C@H]([C@@H]1C2=CC=C(C=C2)OC)C(=O)O)C3=CC4=C(C=C3)OCO4
TIGECYCLINE,54686904,CC(C)(C)NCC(=O)NC1=CC(=C2C[C@H]3C[C@H]4[C@@H](C(=O)C(=C([C@]4(C(=O)C3=C(C2=C1O)O)O)O)C(=O)N)N(C)C)N(C)C
ITF2357,9804991,CCN(CC)CC1=CC2=C(C=C1)C=C(C=C2)COC(=O)NC3=CC=C(C=C3)C(=O)NO.O.Cl
GLUCAGON-LIKE PEPTIDE-1,16135499,CC[C@H](C)[C@@H](C(=O)N[C@@H](C)C(=O)N[C@@H](CC1=CNC2=CC=CC=C21)C(=O)N[C@@H](CC(C)C)C(=O)N[C@@H](C(C)C)C(=O)N[C@@H](CCCCN)C(=O)NCC(=O)N[C@@H](CCCNC(=N)N)C(=O)N)NC(=O)[C@H](CC3=CC=CC=C3)NC(=O)[C@H](CCC(=O)O)NC(=O)[C@H](CCCCN)NC(=O)[C@H](C)NC(=O)[C@H](C)NC(=O)[C@H](CCC(=O)N)NC(=O)CNC(=O)[C@H](CCC(=O)O)NC(=O)[C@H](CC(C)C)NC(=O)[C@H](CC4=CC=C(C=C4)O)NC(=O)[C@H](CO)NC(=O)[C@H](CO)NC(=O)[C@H](C(C)C)NC(=O)[C@H](CC(=O)O)NC(=O)[C@H](CO)NC(=O)[C@H]([C@@H](C)O)NC(=O)[C@H](CC5=CC=CC=C5)NC(=O)[C@H]([C@@H](C)O)NC(=O)CNC(=O)[C@H](CCC(=O)O)NC(=O)[C@H](C)NC(=O)[C@H](CC6=CN=CN6)N
TRIACETYL RESVERATROL,5962587,CC(=O)OC1=CC=C(C=C1)/C=C/C2=CC(=CC(=C2)OC(=O)C)OC(=O)C
METHYLSELENINIC ACID,161597,C[Se](=O)O
BERAPROST SODIUM,23663404,CC#CCC(C)[C@@H](/C=C/[C@H]1[C@@H](C[C@H]2[C@@H]1C3=CC=CC(=C3O2)CCCC(=O)[O-])O)O.[Na+]
TOOSENDANIN,9851101,CC(=O)O[C@@H]1C[C@@H]([C@@]23CO[C@H]([C@@]1([C@@H]2C[C@H]([C@@]4([C@@H]3C(=O)[C@@H]([C@@]5([C@]46[C@H](O6)C[C@H]5C7=COC=C7)C)OC(=O)C)C)O)C)O)O
URSOLIC ACID,64945,C[C@@H]1CC[C@@]2(CC[C@@]3(C(=CC[C@H]4[C@]3(CC[C@@H]5[C@@]4(CC[C@@H](C5(C)C)O)C)C)[C@@H]2[C@H]1C)C)C(=O)O
ORIDONIN,5321010,CC1(CC[C@@H]([C@]23[C@@H]1[C@@H]([C@]([C@]45[C@H]2CC[C@H]([C@H]4O)C(=C)C5=O)(OC3)O)O)O)C
CARMUSTINE,2578,C(CCl)NC(=O)N(CCCl)N=O
ENOXOLONE,10114,C[C@]12CC[C@](C[C@H]1C3=CC(=O)[C@@H]4[C@]5(CC[C@@H](C([C@@H]5CC[C@]4([C@@]3(CC2)C)C)(C)C)O)C)(C)C(=O)O
PALMATINE CHLORIDE,73442,COC1=C(C2=C[N+]3=C(C=C2C=C1)C4=CC(=C(C=C4CC3)OC)OC)OC.[Cl-]
VERU-111,53379371,COC1=CC(=CC(=C1OC)OC)C(=O)C2=CN=C(N2)C3=CNC4=CC=CC=C43
ANTCIN A,44424392,C[C@H]1[C@@H]2CCC3=C([C@]2(CCC1=O)C)C(=O)C[C@]4([C@H]3CC[C@@H]4[C@H](C)CCC(=C)[C@H](C)C(=O)O)C
3-DEAZANEPLANOCIN,73087,C1=CN=C(C2=C1N(C=N2)[C@@H]3C=C([C@H]([C@H]3O)O)CO)N
CADMIUM,23973,[Cd]
ARECOLINE,2230,CN1CCC=C(C1)C(=O)OC
CALCIUM,5460341,[Ca]
COTI-2,24857310,C1CC2=C(/C(=N\NC(=S)N3CCN(CC3)C4=CC=CC=N4)/C1)N=CC=C2
IBUPROFEN,3672,CC(C)CC1=CC=C(C=C1)C(C)C(=O)O
DELPHINIDIN,128853,C1=C(C=C(C(=C1O)O)O)C2=[O+]C3=CC(=CC(=C3C=C2O)O)O
TRIIODOTHYRONINE,5920,C1=CC(=C(C=C1OC2=C(C=C(C=C2I)C[C@@H](C(=O)O)N)I)I)O
OXIBENDAZOLE,4622,CCCOC1=CC2=C(C=C1)N=C(N2)NC(=O)OC
BROMOCRIPTINE,31101,CC(C)C[C@H]1C(=O)N2CCC[C@H]2[C@]3(N1C(=O)[C@](O3)(C(C)C)NC(=O)[C@H]4CN([C@@H]5CC6=C(NC7=CC=CC(=C67)C5=C4)Br)C)O
OLEATE,445639,CCCCCCCC/C=C\CCCCCCCC(=O)O
GW-501516,9803963,CC1=C(C=CC(=C1)SCC2=C(N=C(S2)C3=CC=C(C=C3)C(F)(F)F)C)OCC(=O)O
U0126,3006531,C1=CC=C(C(=C1)N)S/C(=C(/C(=C(/SC2=CC=CC=C2N)\N)/C#N)\C#N)/N
LY294002,3973,C1COCCN1C2=CC(=O)C3=C(O2)C(=CC=C3)C4=CC=CC=C4
PROTECTIN DX,11667655,CC/C=C\C[C@@H](/C=C/C=C\C=C\[C@H](C/C=C\C/C=C\CCC(=O)O)O)O
"3,3'-DIINDOLYLMETHANE",3071,C1=CC=C2C(=C1)C(=CN2)CC3=CNC4=CC=CC=C43
TRIMETAZIDINE,21109,COC1=C(C(=C(C=C1)CN2CCNCC2)OC)OC
SULINDAC,1548887,CC\1=C(C2=C(/C1=C\C3=CC=C(C=C3)S(=O)C)C=CC(=C2)F)CC(=O)O
"3,6-DIHYDROXYFLAVONE",688659,C1=CC=C(C=C1)C2=C(C(=O)C3=C(O2)C=CC(=C3)O)O
ICARIIN,5318997,C[C@H]1[C@@H]([C@H]([C@H]([C@@H](O1)OC2=C(OC3=C(C2=O)C(=CC(=C3CC=C(C)C)O[C@H]4[C@@H]([C@H]([C@@H]([C@H](O4)CO)O)O)O)O)C5=CC=C(C=C5)OC)O)O)O
DEHYDROEPIANDROSTERONE,5881,C[C@]12CC[C@H]3[C@H]([C@@H]1CCC2=O)CC=C4[C@@]3(CC[C@@H](C4)O)C
KAEMPFEROL,5280863,C1=CC(=CC=C1C2=C(C(=O)C3=C(C=C(C=C3O2)O)O)O)O
GHRELIN,16139313,CCCCCCCC(=O)OC[C@@H](C(=O)N[C@@H](CC1=CC=CC=C1)C(=O)N[C@@H](CC(C)C)C(=O)N[C@@H](CO)C(=O)N2CCC[C@H]2C(=O)N[C@@H](CCC(=O)O)C(=O)N[C@@H](CC3=CN=CN3)C(=O)N[C@@H](CCC(=O)N)C(=O)N[C@@H](CCCCN)C(=O)N[C@@H](C)C(=O)N[C@@H](CCC(=O)N)C(=O)N[C@@H](CCC(=O)N)C(=O)N[C@@H](CCCNC(=N)N)C(=O)N[C@@H](CCCCN)C(=O)N[C@@H](CCC(=O)O)C(=O)N[C@@H](CO)C(=O)N[C@@H](CCCCN)C(=O)N[C@@H](CCCCN)C(=O)N4CCC[C@H]4C(=O)N5CCC[C@H]5C(=O)N[C@@H](C)C(=O)N[C@@H](CCCCN)C(=O)N[C@@H](CC(C)C)C(=O)N[C@@H](CCC(=O)N)C(=O)N6CCC[C@H]6C(=O)N[C@@H](CCCNC(=N)N)C(=O)O)NC(=O)[C@H](CO)NC(=O)CN
ROSIGLITAZONE,77999,CN(CCOC1=CC=C(C=C1)CC2C(=O)NC(=O)S2)C3=CC=CC=N3
CYCLOPHOSPHAMIDE,2907,C1CNP(=O)(OC1)N(CCCl)CCCl
GENIPOSIDE,16760120,COC(=O)C1=CO[C@H](C2C1CC=C2CO)O[C@H]3[C@@H]([C@H]([C@@H]([C@H](O3)CO)O)O)O
HEXAVALENT CHROMIUM,29131,[Cr+6]
CHLOROGENIC ACID,1794427,C1[C@H]([C@H]([C@@H](C[C@@]1(C(=O)O)O)OC(=O)/C=C/C2=CC(=C(C=C2)O)O)O)O
HJC0152,71719978,C1=CC(=C(C=C1[N+](=O)[O-])Cl)NC(=O)C2=C(C=CC(=C2)Cl)OCCN.Cl
ALAXIN,3000518,C[C@@H]1CC[C@H]2[C@H]([C@H](O[C@H]3[C@@]24[C@H]1CC[C@](O3)(OO4)C)O)C
SOPHOCARPINE,115269,C1C[C@H]2CN3[C@H](CC=CC3=O)[C@@H]4[C@H]2N(C1)CCC4
ISOFLURANE,3763,C(C(F)(F)F)(OC(F)F)Cl
Α-LINOLENIC ACID,5280934,CC/C=C\C/C=C\C/C=C\CCCCCCCC(=O)O
TRICIN,5281702,COC1=CC(=CC(=C1O)OC)C2=CC(=O)C3=C(C=C(C=C3O2)O)O
CANTHARIDIN,5944,C[C@@]12[C@H]3CC[C@@H]([C@@]1(C(=O)OC2=O)C)O3
EUXANTHONE,5281631,C1=CC(=C2C(=C1)OC3=C(C2=O)C=C(C=C3)O)O
BUDESONIDE,5281004,CCCC1O[C@@H]2C[C@H]3[C@@H]4CCC5=CC(=O)C=C[C@@]5([C@H]4[C@H](C[C@@]3([C@@]2(O1)C(=O)CO)C)O)C
GALANGIN,5281616,C1=CC=C(C=C1)C2=C(C(=O)C3=C(C=C(C=C3O2)O)O)O
DAMGO,5462471,C[C@H](C(=O)NCC(=O)N(C)[C@@H](CC1=CC=CC=C1)C(=O)NCCO)NC(=O)[C@H](CC2=CC=C(C=C2)O)N
GASTRODIN,115067,C1=CC(=CC=C1CO)O[C@H]2[C@@H]([C@H]([C@@H]([C@H](O2)CO)O)O)O
SC75741,23661638,C1CN(CCC1C2=NC(=CS2)C(=O)NC3=NC4=C(N3)C=C(C=C4)C(=O)C5=CC=CC=C5)C6=NC=NC7=C6SC=C7
VINCRISTINE,5978,CC[C@@]1(C[C@@H]2C[C@@](C3=C(CCN(C2)C1)C4=CC=CC=C4N3)(C5=C(C=C6C(=C5)[C@]78CCN9[C@H]7[C@@](C=CC9)([C@H]([C@@]([C@@H]8N6C=O)(C(=O)OC)O)OC(=O)C)CC)OC)C(=O)OC)O
LYSOPHOSPHATIDIC ACID,5497152,CCCCCCCC/C=C\CCCCCCCC(=O)OCC(COP(=O)(O)O)O
LUPEOL,259846,CC(=C)[C@@H]1CC[C@]2([C@H]1[C@H]3CC[C@@H]4[C@]5(CC[C@@H](C([C@@H]5CC[C@]4([C@@]3(CC2)C)C)(C)C)O)C)C
FENOFIBRATE,3339,CC(C)OC(=O)C(C)(C)OC1=CC=C(C=C1)C(=O)C2=CC=C(C=C2)Cl
R97,198240,CC1CCCC[N+]1(C)CCC(C2=CC=CC=C2)OC3=CC=CC=C3Cl.[I-]
R98,164513302,CN(CC1=CC=CC=N1)C2=NC=NC3=C2C4=C(N3)C=C(C=C4)F
SOLAMARGINE,73611,C[C@@H]1CC[C@@]2([C@H]([C@H]3[C@@H](O2)C[C@@H]4[C@@]3(CC[C@H]5[C@H]4CC=C6[C@@]5(CC[C@@H](C6)O[C@H]7[C@@H]([C@H]([C@@H]([C@H](O7)CO)O[C@H]8[C@@H]([C@@H]([C@H]([C@@H](O8)C)O)O)O)O)O[C@H]9[C@@H]([C@@H]([C@H]([C@@H](O9)C)O)O)O)C)C)C)NC1
KETAMINE,3821,CNC1(CCCCC1=O)C2=CC=CC=C2Cl
GINSENOSIDE RB2,6917976,CC(=CCC[C@@](C)([C@H]1CC[C@@]2([C@@H]1[C@@H](C[C@H]3[C@]2(CC[C@@H]4[C@@]3(CC[C@@H](C4(C)C)O[C@H]5[C@@H]([C@H]([C@@H]([C@H](O5)CO)O)O)O[C@H]6[C@@H]([C@H]([C@@H]([C@H](O6)CO)O)O)O)C)C)O)C)O[C@H]7[C@@H]([C@H]([C@@H]([C@H](O7)CO[C@H]8[C@@H]([C@H]([C@H](CO8)O)O)O)O)O)O)C
HEMIN,26945,CC1=C(C2=CC3=C(C(=C([N-]3)C=C4C(=C(C(=N4)C=C5C(=C(C(=N5)C=C1[N-]2)C)C=C)C)C=C)C)CCC(=O)O)CCC(=O)O.[Fe+2]
GERANIIN,115063,C1C2C3C(C(C(O2)OC(=O)C4=CC(=C(C(=C4)O)O)O)OC(=O)C5=CC(=C(C6=C5C7C(=CC(=O)C(C7(O)O)(O6)O)C(=O)O3)O)O)OC(=O)C8=CC(=C(C(=C8C9=C(C(=C(C=C9C(=O)O1)O)O)O)O)O)O
OXYBENZONE,4632,COC1=CC(=C(C=C1)C(=O)C2=CC=CC=C2)O
MAGNESIUM SULFATE,24083,[O-]S(=O)(=O)[O-].[Mg+2]
WALTONITONE,71466709,C[C@@H]1CC[C@@]2(CC[C@@]3(C(=CC[C@H]4[C@]3(CC[C@@H]5[C@@]4(CCC(=O)C5(C)C)C)C)[C@@H]2[C@H]1C)C)CO
PROPIONATE,104745,CCC(=O)[O-]
VALERATE,7991,CCCCC(=O)O
NICOTINAMIDE,936,C1=CC(=CN=C1)C(=O)N
ALPHA-PINENE,6654,CC1=CCC2CC1C2(C)C
MYROTHECINE A,73125389,CC(=O)C12CCC=CC(=O)OC3CC4C5(C3(C6(CCC(C(C5)C6O4)(C)O)COC(=O)C=C(C1O)CCO2)C)O
DIETHYLDITHIOCARBAMATE,28343,CCN(CC)C(=S)[S-]
TECTORIGENIN,5281811,COC1=C(C2=C(C=C1O)OC=C(C2=O)C3=CC=C(C=C3)O)O
GINKGOLIDE B,65243,CC1C(=O)OC2C1(C34C(=O)OC5C3(C2O)C6(C(C5)C(C)(C)C)C(C(=O)OC6O4)O)O
ELLAGIC ACID,5281855,C1=C2C3=C(C(=C1O)O)OC(=O)C4=CC(=C(C(=C43)OC2=O)O)O
RADDEANIN A,174742,C[C@H]1[C@@H]([C@H]([C@H]([C@@H](O1)O[C@@H]2[C@H]([C@@H]([C@H](O[C@H]2O[C@@H]3[C@H]([C@H](CO[C@H]3O[C@H]4CC[C@]5([C@H](C4(C)C)CC[C@@]6([C@@H]5CC=C7[C@]6(CC[C@@]8([C@H]7CC(CC8)(C)C)C(=O)O)C)C)C)O)O)CO)O)O)O)O)O
1'-ACETOXYCHAVICOL ACETATE,119104,CC(=O)OC1=CC=C(C=C1)[C@H](C=C)OC(=O)C
CHALCONE,637760,C1=CC=C(C=C1)/C=C/C(=O)C2=CC=CC=C2
KU0063794,16736978,C[C@@H]1CN(C[C@@H](O1)C)C2=NC3=C(C=CC(=N3)C4=CC(=C(C=C4)OC)CO)C(=N2)N5CCOCC5
PHYSCION 8-O-Β-GLUCOPYRANOSIDE,442762,CC1=CC2=C(C(=C1)O)C(=O)C3=C(C2=O)C=C(C=C3O[C@H]4[C@@H]([C@H]([C@@H]([C@H](O4)CO[C@H]5[C@@H]([C@H]([C@@H]([C@H](O5)CO)O)O)O)O)O)O)OC
ARISTEROMYCIN,65269,C1[C@@H]([C@H]([C@H]([C@@H]1N2C=NC3=C(N=CN=C32)N)O)O)CO
3 ACETYL-11-KETO-Β-BOSWELLIC ACID,17973666,CC1CCC2(CCC3(C(=CC(=O)C4C3(CCC5C4(CCC(C5(C)C(=O)O)OC(=O)C)C)C)C2C1C)C)C
LIRAGLUTIDE,16134956,CCCCCCCCCCCCCCCC(=O)N[C@@H](CCC(=O)NCCCC[C@@H](C(=O)N[C@@H](CCC(=O)O)C(=O)N[C@@H](CC1=CC=CC=C1)C(=O)N[C@@H]([C@@H](C)CC)C(=O)N[C@@H](C)C(=O)N[C@@H](CC2=CNC3=CC=CC=C32)C(=O)N[C@@H](CC(C)C)C(=O)N[C@@H](C(C)C)C(=O)N[C@@H](CCCNC(=N)N)C(=O)NCC(=O)N[C@@H](CCCNC(=N)N)C(=O)NCC(=O)O)NC(=O)[C@H](C)NC(=O)[C@H](C)NC(=O)[C@H](CCC(=O)N)NC(=O)CNC(=O)[C@H](CCC(=O)O)NC(=O)[C@H](CC(C)C)NC(=O)[C@H](CC4=CC=C(C=C4)O)NC(=O)[C@H](CO)NC(=O)[C@H](CO)NC(=O)[C@H](C(C)C)NC(=O)[C@H](CC(=O)O)NC(=O)[C@H](CO)NC(=O)[C@H]([C@@H](C)O)NC(=O)[C@H](CC5=CC=CC=C5)NC(=O)[C@H]([C@@H](C)O)NC(=O)CNC(=O)[C@H](CCC(=O)O)NC(=O)[C@H](C)NC(=O)[C@H](CC6=CN=CN6)N)C(=O)O
ARBUTIN,440936,C1=CC(=CC=C1O)O[C@H]2[C@@H]([C@H]([C@@H]([C@H](O2)CO)O)O)O
(6)-GINGEROL (6G),71391212,CCCCCC(CC(=O)CCC1=CC(=C(C=C1)OC)OC)O
CHRYSOTILE,25477,O.O[Si]([O-])([O-])[O-].O[Si]([O-])([O-])[O-].[Mg+2].[Mg+2].[Mg+2]
IDELALISIB,11625818,CC[C@@H](C1=NC2=C(C(=CC=C2)F)C(=O)N1C3=CC=CC=C3)NC4=NC=NC5=C4NC=N5
ALOPERINE,3772951,C1CCN2CC3CC(C2C1)C=C4C3NCCC4
6'-O-GALLOYL PAEONIFLORIN,101604718,C[C@]12C[C@@]3([C@@H]4C[C@]1([C@@]4([C@H](O2)O3)COC(=O)C5=CC=CC=C5)O[C@H]6[C@@H]([C@H]([C@@H]([C@H](O6)COC(=O)C7=CC(=C(C(=C7)O)O)O)O)O)O)O
LINAGLIPTIN,10096344,CC#CCN1C2=C(N=C1N3CCC[C@H](C3)N)N(C(=O)N(C2=O)CC4=NC5=CC=CC=C5C(=N4)C)C
MYRICETIN,5281672,C1=C(C=C(C(=C1O)O)O)C2=C(C(=O)C3=C(C=C(C=C3O2)O)O)O
HALOPERIDOL,3559,C1CN(CCC1(C2=CC=C(C=C2)Cl)O)CCCC(=O)C3=CC=C(C=C3)F
INDOXYL SULFATE,10258,C1=CC=C2C(=C1)C(=CN2)OS(=O)(=O)O
FUSARIC ACID,3442,CCCCC1=CN=C(C=C1)C(=O)O
C6-CERAMIDE,5702613,CCCCCCCCCCCCC/C=C/[C@H]([C@H](CO)NC(=O)CCCCC)O
TRANILAST,5282230,COC1=C(C=C(C=C1)/C=C/C(=O)NC2=CC=CC=C2C(=O)O)OC
ENDOTHELIN-1,16212950,CC[C@H](C)[C@@H](C(=O)N[C@@H]([C@@H](C)CC)C(=O)N[C@@H](CC1=CNC2=CC=CC=C21)C(=O)O)NC(=O)[C@H](CC(=O)O)NC(=O)[C@H](CC(C)C)NC(=O)[C@H](CC3=CN=CN3)NC(=O)[C@@H]4CSSC[C@@H](C(=O)N[C@H](C(=O)N[C@H]5CSSC[C@@H](C(=O)N[C@H](C(=O)N[C@H](C(=O)N[C@H](C(=O)N4)CC6=CC=CC=C6)CC7=CC=C(C=C7)O)C(C)C)NC(=O)[C@@H](NC(=O)[C@@H](NC(=O)[C@@H](NC(=O)[C@@H](NC(=O)[C@@H](NC(=O)[C@@H](NC(=O)[C@@H](NC5=O)CO)CO)CC(C)C)CCSC)CC(=O)O)CCCCN)CCC(=O)O)CO)N
SHIKIMIC ACID,8742,C1[C@H]([C@@H]([C@@H](C=C1C(=O)O)O)O)O
BETA-ELEMENE,6918391,CC(=C)[C@@H]1CC[C@@]([C@@H](C1)C(=C)C)(C)C=C
CANDESARTAN,2541,CCOC1=NC2=CC=CC(=C2N1CC3=CC=C(C=C3)C4=CC=CC=C4C5=NNN=N5)C(=O)O
SELUMETINIB,10127622,CN1C=NC2=C1C=C(C(=C2F)NC3=C(C=C(C=C3)Br)Cl)C(=O)NOCCO
DIPHENHYDRAMINE HYDROCHLORIDE,8980,CN(C)CCOC(C1=CC=CC=C1)C2=CC=CC=C2.Cl
L-DOPA,6047,C1=CC(=C(C=C1C[C@@H](C(=O)O)N)O)O
KYNURENINE,161166,C1=CC=C(C(=C1)C(=O)C[C@@H](C(=O)O)N)N
ISOLINDERALACTONE,5318587,CC1=COC2=C1[C@H]3[C@H](C(=C)C(=O)O3)[C@@](C2)(C)C=C
POLYCHLORINATED BIPHENYLS,25472,C1=C(C(=CC(=C1Cl)Cl)Cl)C2=C(C(=C(C(=C2Cl)Cl)C3=C(C(=C(C=C3Cl)Cl)Cl)Cl)Cl)Cl
RICOLINOSTAT,53340666,C1=CC=C(C=C1)N(C2=CC=CC=C2)C3=NC=C(C=N3)C(=O)NCCCCCCC(=O)NO
DEMETHYLZEYLASTERAL,10322911,C[C@]12CC[C@@](C[C@H]1[C@@]3(CC[C@]4(C5=CC(=C(C(=C5C(=O)C=C4[C@]3(CC2)C)C=O)O)O)C)C)(C)C(=O)O
ERASTIN,11214940,CCOC1=CC=CC=C1N2C(=O)C3=CC=CC=C3N=C2C(C)N4CCN(CC4)C(=O)COC5=CC=C(C=C5)Cl
PUROMYCIN AMINONUCLEOSIDE,6020,CN(C)C1=NC=NC2=C1N=CN2[C@H]3[C@@H]([C@@H]([C@H](O3)CO)N)O
ESTRAMUSTINE,259331,C[C@]12CC[C@H]3[C@H]([C@@H]1CC[C@@H]2O)CCC4=C3C=CC(=C4)OC(=O)N(CCCl)CCCl
NILOTINIB,644241,CC1=C(C=C(C=C1)C(=O)NC2=CC(=CC(=C2)C(F)(F)F)N3C=C(N=C3)C)NC4=NC=CC(=N4)C5=CN=CC=C5
2-METHOXYETHANOL,8019,COCCO
TAXANE,9548828,C[C@@H]1CCC[C@@]2([C@@H]1C[C@@H]3CC[C@H]([C@@H](C3(C)C)CC2)C)C
OBP-801,11178958,C[C@@H]1C(=O)N[C@@H]2CSSCC/C=C/[C@H](CC(=O)N1)OC(=O)C[C@@H]([C@H](NC2=O)C(C)C)O
CROCIN,5281233,C/C(=C\C=C\C=C(\C=C\C=C(\C(=O)O[C@@H]1O[C@@H]([C@H]([C@@H]([C@H]1O)O)O)CO[C@@H]2O[C@@H]([C@H]([C@@H]([C@H]2O)O)O)CO)/C)/C)/C=C/C=C(/C(=O)O[C@@H]3O[C@@H]([C@H]([C@@H]([C@H]3O)O)O)CO[C@@H]4O[C@@H]([C@H]([C@@H]([C@H]4O)O)O)CO)\C
HYDROXYGENKWANIN,5318214,COC1=CC(=C2C(=C1)OC(=CC2=O)C3=CC(=C(C=C3)O)O)O
"6-METHYL-1,3,8-TRICHLORODIBENZOFURAN",114900,CC1=CC(=CC2=C1OC3=C2C(=CC(=C3)Cl)Cl)Cl
BELINOSTAT,6918638,C1=CC=C(C=C1)NS(=O)(=O)C2=CC=CC(=C2)/C=C/C(=O)NO
AFLATOXIN B1,186907,COC1=C2C3=C(C(=O)CC3)C(=O)OC2=C4[C@@H]5C=CO[C@@H]5OC4=C1
DELTA-TOCOTRIENOL,5282350,CC1=CC(=CC2=C1O[C@](CC2)(C)CC/C=C(\C)/CC/C=C(\C)/CCC=C(C)C)O
THYMOQUINONE,10281,CC1=CC(=O)C(=CC1=O)C(C)C
ARTEMISININ,68827,C[C@@H]1CC[C@H]2[C@H](C(=O)O[C@H]3[C@@]24[C@H]1CC[C@](O3)(OO4)C)C
ARTESUNATE,6917864,C[C@@H]1CC[C@H]2[C@H]([C@@H](O[C@H]3[C@@]24[C@H]1CC[C@](O3)(OO4)C)OC(=O)CCC(=O)O)C
INDOLE-3-CARBINOL,3712,C1=CC=C2C(=C1)C(=CN2)CO
CARNOSIC ACID,65126,CC(C)C1=C(C(=C2C(=C1)CC[C@@H]3[C@@]2(CCCC3(C)C)C(=O)O)O)O
RHAMNETIN,5281691,COC1=CC(=C2C(=C1)OC(=C(C2=O)O)C3=CC(=C(C=C3)O)O)O
GLYCOCHOLIC ACID,5460316,C[C@H](CCC(=O)NCC(=O)[O-])[C@H]1CC[C@@H]2[C@@]1([C@H](C[C@H]3[C@H]2[C@@H](C[C@H]4[C@@]3(CC[C@H](C4)O)C)O)O)C
"2,4,5-TRIHYDROXYBENZALDEHYDE",643387,C1=C(C(=CC(=C1O)O)O)C=O
GSK126,68210102,CC[C@H](C)N1C=C(C2=C(C=C(C=C21)C3=CN=C(C=C3)N4CCNCC4)C(=O)NCC5=C(C=C(NC5=O)C)C)C
STF-083010,729483,C1=CC=C2C(=C1)C=CC(=C2C=NS(=O)(=O)C3=CC=CS3)O
RADON,24857,[Rn]
BLEOMYCIN,5360373,CC1=C(N=C(N=C1N)[C@H](CC(=O)N)NC[C@@H](C(=O)N)N)C(=O)N[C@@H]([C@H](C2=CN=CN2)OC3C(C(C(C(O3)CO)O)O)OC4C(C(C(C(O4)CO)O)OC(=O)N)O)C(=O)N[C@H](C)[C@H]([C@H](C)C(=O)N[C@@H]([C@@H](C)O)C(=O)NCCC5=NC(=CS5)C6=NC(=CS6)C(=O)NCCC[S+](C)C)O
CO,104730,[Co]
NEOCHLOROGENIC ACID,5280633,C1[C@H]([C@@H]([C@@H](C[C@]1(C(=O)O)O)OC(=O)/C=C/C2=CC(=C(C=C2)O)O)O)O
CORYLIN,5316097,CC1(C=CC2=C(O1)C=CC(=C2)C3=COC4=C(C3=O)C=CC(=C4)O)C
BI-847325,135567102,CCNC(=O)C#CC1=CC2=C(C=C1)C(=C(N2)O)C(=NC3=CC=C(C=C3)CN(C)C)C4=CC=CC=C4
SESAMOL,68289,C1OC2=C(O1)C=C(C=C2)O
NEFERINE,71531543,CN1CCC2=CC(=C(C=C2[C@H]1CC3=CC=C(C=C3)OC)OC4=C(C=CC(=C4)C[C@H]5C6=CC(=C(C=C6CCN5C)OC)OC)O)OC
ALITRETINOIN,449171,CC1=C(C(CCC1)(C)C)/C=C/C(=C\C=C\C(=C\C(=O)O)\C)/C
LAURIC ACID,3893,CCCCCCCCCCCC(=O)O
ARCTIIN,100528,COC1=C(C=C(C=C1)C[C@H]2COC(=O)[C@@H]2CC3=CC(=C(C=C3)O[C@H]4[C@@H]([C@H]([C@@H]([C@H](O4)CO)O)O)O)OC)OC
DENDROBINE,442523,CC(C)[C@H]1[C@H]2[C@@H]3CC[C@H]4[C@@]3([C@@H]([C@@H]1OC2=O)N(C4)C)C
POLYDATIN,5281718,C1=CC(=CC=C1/C=C/C2=CC(=CC(=C2)O[C@H]3[C@@H]([C@H]([C@@H]([C@H](O3)CO)O)O)O)O)O
LIQUIRITIGENIN,114829,C1[C@H](OC2=C(C1=O)C=CC(=C2)O)C3=CC=C(C=C3)O
ROTENONE,6758,CC(=C)[C@H]1CC2=C(O1)C=CC3=C2O[C@@H]4COC5=CC(=C(C=C5[C@@H]4C3=O)OC)OC
CAFFEIC ACID PHENETHYL ESTER,5281787,C1=CC=C(C=C1)CCOC(=O)/C=C/C2=CC(=C(C=C2)O)O
VITEXIN,5280441,C1=CC(=CC=C1C2=CC(=O)C3=C(O2)C(=C(C=C3O)O)[C@H]4[C@@H]([C@H]([C@@H]([C@H](O4)CO)O)O)O)O
MAGNOFLORINE,73337,C[N+]1(CCC2=CC(=C(C3=C2[C@@H]1CC4=C3C(=C(C=C4)OC)O)O)OC)C
TANGERETIN,68077,COC1=CC=C(C=C1)C2=CC(=O)C3=C(O2)C(=C(C(=C3OC)OC)OC)OC
ANISOMYCIN,253602,CC(=O)O[C@@H]1[C@H](CN[C@@H]1CC2=CC=C(C=C2)OC)O
TUNICAMYCIN,16727450,CC(C)C/C=C/C(=O)N[C@@H]1[C@H]([C@H]([C@H](O[C@H]1O[C@@H]2[C@@H]([C@H]([C@@H]([C@H](O2)CO)O)O)NC(=O)C)C[C@H]([C@@H]3[C@H]([C@H]([C@@H](O3)N4C=CC(=O)NC4=O)O)O)O)O)O
S-1,146157327,C1CC(OC1)N2CC(C(=O)NC2=O)F.C1C(=O)C(=CNC1=O)Cl.C1(NC(=O)NC(=O)N1)C(=O)[O-].[K+]
HESPERETIN,72281,COC1=C(C=C(C=C1)[C@@H]2CC(=O)C3=C(C=C(C=C3O2)O)O)O
PHENYLBUTYRIC ACID,4775,C1=CC=C(C=C1)CCCC(=O)O
METAPRISTONE,10070462,CC#C[C@@]1(CC[C@@H]2[C@@]1(C[C@@H](C3=C4CCC(=O)C=C4CC[C@@H]23)C5=CC=C(C=C5)NC)C)O
HINOKITIOL,3611,CC(C)C1=CC(=O)C(=CC=C1)O
PRAMIPEXOLE,119570,CCCN[C@H]1CCC2=C(C1)SC(=N2)N
PROBUCOL,4912,CC(C)(C)C1=CC(=CC(=C1O)C(C)(C)C)SC(C)(C)SC2=CC(=C(C(=C2)C(C)(C)C)O)C(C)(C)C
AMIKACIN,37768,C1[C@@H]([C@H]([C@@H]([C@H]([C@@H]1NC(=O)[C@H](CCN)O)O[C@@H]2[C@@H]([C@H]([C@@H]([C@H](O2)CO)O)N)O)O)O[C@@H]3[C@@H]([C@H]([C@@H]([C@H](O3)CN)O)O)O)N
HYPEROSIDE,5281643,C1=CC(=C(C=C1C2=C(C(=O)C3=C(C=C(C=C3O2)O)O)O[C@H]4[C@@H]([C@H]([C@H]([C@H](O4)CO)O)O)O)O)O
AG-490,5328779,C1=CC=C(C=C1)CNC(=O)/C(=C/C2=CC(=C(C=C2)O)O)/C#N
4-AMINOBIPHENYL,7102,C1=CC=C(C=C1)C2=CC=C(C=C2)N
PRISTIMERIN,159516,CC1=C(C(=O)C=C2C1=CC=C3[C@]2(CC[C@@]4([C@@]3(CC[C@@]5([C@H]4C[C@](CC5)(C)C(=O)OC)C)C)C)C)O
ZINC,23994,[Zn]
DEMETHOXYCURCUMIN,5469424,COC1=C(C=CC(=C1)/C=C/C(=O)CC(=O)/C=C/C2=CC=C(C=C2)O)O
BREVISCAPINE,185617,C1=CC(=CC=C1C2=CC(=O)C3=C(C(=C(C=C3O2)O[C@H]4[C@@H]([C@H]([C@@H]([C@H](O4)C(=O)O)O)O)O)O)O)O
MARITOCLAX,24797083,C1=CC=C(C(=C1)C(=O)C2=CC(=C(N2C3=C(NC(=C3Cl)Cl)C(=O)C4=CC=CC=C4O)Cl)Cl)O
PEIMININE,167691,C[C@H]1CC[C@H]2[C@@]([C@H]3CC[C@@H]4[C@H]([C@@H]3CN2C1)C[C@H]5[C@H]4CC(=O)[C@@H]6[C@@]5(CC[C@@H](C6)O)C)(C)O
ERLOTINIB,176870,COCCOC1=C(C=C2C(=C1)C(=NC=N2)NC3=CC=CC(=C3)C#C)OCCOC
CHRYSOPHANOL,10208,CC1=CC2=C(C(=C1)O)C(=O)C3=C(C2=O)C=CC=C3O
SEPANTRONIUM BROMIDE,11178236,CC1=[N+](C2=C(N1CCOC)C(=O)C3=CC=CC=C3C2=O)CC4=NC=CN=C4.[Br-]
SWAINSONINE,51683,C1C[C@H]([C@@H]2[C@@H]([C@@H](CN2C1)O)O)O
"1, ACANTHIFOLICIN DERIV.",5468826,CC1CC[C@]2(CCCCO2)OC1[C@@H](C)CC(C3C(=C)[C@H](C4[C@H](O3)CCC5(O4)CCC(O5)/C=C/[C@@H](C)C6CC(=CC7(O6)C(CC[C@H](O7)C[C@@](C)(C(=O)O)O)O)C)O)O
GLARGINE,118984454,CC[C@H](C)[C@H]1C(=O)N[C@H]2CSSC[C@@H](C(=O)N[C@@H](CSSC[C@@H](C(=O)NCC(=O)N[C@H](C(=O)N[C@H](C(=O)N[C@H](C(=O)N[C@H](C(=O)N[C@H](C(=O)N[C@H](C(=O)N[C@H](C(=O)N[C@H](C(=O)N[C@H](C(=O)N[C@H](C(=O)N[C@@H](CSSC[C@H](NC(=O)[C@@H](NC(=O)[C@@H](NC(=O)[C@@H](NC(=O)[C@@H](NC(=O)[C@@H](NC(=O)[C@@H](NC(=O)[C@@H](NC(=O)[C@@H](NC2=O)CO)CC(C)C)CC3=CC=C(C=C3)O)CCC(=O)N)CC(C)C)CCC(=O)O)CC(=O)N)CC4=CC=C(C=C4)O)C(=O)NCC(=O)O)C(=O)NCC(=O)N[C@@H](CCC(=O)O)C(=O)N[C@@H](CCCNC(=N)N)C(=O)NCC(=O)N[C@@H](CC5=CC=CC=C5)C(=O)N[C@@H](CC6=CC=CC=C6)C(=O)N[C@@H](CC7=CC=C(C=C7)O)C(=O)N[C@@H]([C@@H](C)O)C(=O)N8CCC[C@H]8C(=O)N[C@@H](CCCCN)C(=O)N[C@@H]([C@@H](C)O)C(=O)N[C@@H](CCCNC(=N)N)C(=O)N[C@@H](CCCNC(=N)N)C(=O)O)C(C)C)CC(C)C)CC9=CC=C(C=C9)O)CC(C)C)C)CCC(=O)O)C(C)C)CC(C)C)CC2=CNC=N2)CO)NC(=O)[C@H](CC(C)C)NC(=O)[C@H](CC2=CNC=N2)NC(=O)[C@H](CCC(=O)N)NC(=O)[C@H](CC(=O)N)NC(=O)[C@H](C(C)C)NC(=O)[C@H](CC2=CC=CC=C2)N)C(=O)N[C@H](C(=O)N[C@H](C(=O)N1)CO)[C@@H](C)O)NC(=O)[C@H](CCC(=O)N)NC(=O)[C@H](CCC(=O)O)NC(=O)[C@H](C(C)C)NC(=O)[C@H]([C@@H](C)CC)NC(=O)CN
THIOSTREPTON,16129638,CCC(C)C1C(=O)NC(C(=O)NC(=C)C(=O)NC(C(=O)NC23CCC(=NC2C4=CSC(=N4)[C@H](C(OC(=O)C5=NC6=C(C=C[C@H]([C@@H]6O)N1)C(=C5)C(C)O)C)NC(=O)C7=CSC(=N7)[C@H](NC(=O)C8CSC(=N8)/C(=C/C)/NC(=O)[C@@H](NC(=O)C9=CSC3=N9)[C@@H](C)O)C(C)(C(C)O)O)C1=NC(=CS1)C(=O)NC(=C)C(=O)NC(=C)C(=O)N)C)C
BENZYL ISOTHIOCYANATE,2346,C1=CC=C(C=C1)CN=C=S
BENZO(A)PYRENE DIOL EPOXIDE,41322,C1=CC2=C3C(=C1)C=CC4=C3C(=CC5=C4C6C(O6)C(C5O)O)C=C2
XCT-790,6918788,COC1=C(C=CC(=C1)/C=C(\C#N)/C(=O)NC2=NN=C(S2)C(F)(F)F)OCC3=C(C=C(C=C3)C(F)(F)F)C(F)(F)F
